S_No,Product_ID,Material_ID,Quantity_Used,Unit,Per_Material_Cost,
1,101,1072,1,units,15,
2,101,1075,70,g,21.46666667,
3,101,1080,10,g,2.857142857,
4,101,1090,10,g,2.205714286,
5,101,1091,10,g,1.76,
6,101,1118,2,g,3.228571429,
7,101,1119,4,g,4.9,
8,101,1092,35,g,2.882352941,
9,102,1072,1,units,15,
10,102,1075,70,g,21.46666667,
11,102,1080,15,g,4.285714286,
12,102,1090,15,g,3.308571429,
13,102,1091,10,g,1.76,
14,102,1118,2,g,3.228571429,
15,102,1119,4,g,4.9,
16,102,1092,45,ml,3.705882353,
17,102,1097,35,g,1.715,
18,103,1072,1,units,15,
19,103,1075,70,g,21.46666667,
20,103,1080,15,g,4.285714286,
21,103,1090,15,g,3.308571429,
22,103,1091,10,g,1.76,
23,103,1118,2,g,3.228571429,
24,103,1119,4,g,4.9,
25,103,1092,45,ml,3.705882353,
26,103,1099,35,g,2.8,
27,104,1072,1,units,15,
28,104,1075,70,g,21.46666667,
29,104,1080,15,g,4.285714286,
30,104,1090,15,g,3.308571429,
31,104,1091,10,g,1.76,
32,104,1118,2,g,3.228571429,
33,104,1119,4,g,4.9,
34,104,1092,45,ml,3.705882353,
35,104,1098,35,g,1.225,
36,105,1072,1,units,15,
37,105,1075,70,g,21.46666667,
38,105,1080,15,g,4.285714286,
39,105,1090,15,g,3.308571429,
40,105,1091,10,g,1.76,
41,105,1118,2,g,3.228571429,
42,105,1119,4,g,4.9,
43,105,1092,45,ml,3.705882353,
44,105,1083,35,g,4.27,
45,106,1072,1,units,15,
46,106,1075,70,g,21.46666667,
47,106,1080,15,g,4.285714286,
48,106,1090,15,g,3.308571429,
49,106,1091,10,g,1.76,
50,106,1118,2,g,3.228571429,
51,106,1119,4,g,4.9,
52,106,1092,45,ml,3.705882353,
53,106,1097,30,g,1.47,
54,106,1099,30,g,2.4,
55,107,1072,1,units,15,
56,107,1075,70,g,21.46666667,
57,107,1080,15,g,4.285714286,
58,107,1090,15,g,3.308571429,
59,107,1091,10,g,1.76,
60,107,1118,2,g,3.228571429,
61,107,1119,4,g,4.9,
62,107,1092,45,ml,3.705882353,
63,107,1083,30,g,3.66,
64,107,1076,30,g,10.5,
65,108,1072,1,units,15,
66,108,1075,70,g,21.46666667,
67,108,1080,15,g,4.285714286,
68,108,1090,15,g,3.308571429,
69,108,1091,10,g,1.76,
70,108,1118,2,g,3.228571429,
71,108,1119,4,g,4.9,
72,108,1092,45,ml,3.705882353,
73,108,1077,30,g,25,
74,108,1079,25,g,9.375,
75,108,1099,25,g,2,
76,109,1072,1,units,15,
77,109,1075,70,g,21.46666667,
78,109,1080,15,g,4.285714286,
79,109,1090,15,g,3.308571429,
80,109,1091,10,g,1.76,
81,109,1118,2,g,3.228571429,
82,109,1119,4,g,4.9,
83,109,1092,45,ml,3.705882353,
84,109,1087,30,g,2.52,
85,109,1088,30,g,7.5,
86,109,1078,20,g,6.363636364,
87,110,1072,1,units,15,
88,110,1075,70,g,21.46666667,
89,110,1080,15,g,4.285714286,
90,110,1090,15,g,3.308571429,
91,110,1091,10,g,1.76,
92,110,1118,2,g,3.228571429,
93,110,1119,4,g,4.9,
94,110,1092,45,ml,3.705882353,
95,110,1084,25,g,10.325,
96,110,1097,25,g,1.225,
97,110,1077,25,g,20.83333333,
98,111,1072,1,units,15,
99,111,1075,70,g,21.46666667,
100,111,1080,15,g,4.285714286,
101,111,1090,15,g,3.308571429,
102,111,1091,10,g,1.76,
103,111,1118,2,g,3.228571429,
104,111,1119,4,g,4.9,
105,111,1092,45,ml,3.705882353,
106,111,1083,30,g,3.66,
107,111,1097,30,g,1.47,
108,111,1099,35,g,2.8,
109,112,1072,1,units,15,
110,112,1075,70,g,21.46666667,
111,112,1080,15,g,4.285714286,
112,112,1090,15,g,3.308571429,
113,112,1091,10,g,1.76,
114,112,1118,2,g,3.228571429,
115,112,1119,4,g,4.9,
116,112,1092,45,ml,3.705882353,
117,112,1097,20,g,0.98,
118,112,1098,20,g,0.7,
119,112,1099,20,g,1.6,
120,112,1087,20,g,1.68,
121,113,1072,1,units,15,
122,113,1075,100,g,30.66666667,
123,113,1080,15,g,4.285714286,
124,113,1090,15,g,3.308571429,
125,113,1091,10,g,1.76,
126,113,1118,2,g,3.228571429,
127,113,1119,4,g,4.9,
128,113,1092,45,ml,3.705882353,
129,113,1084,20,g,8.26,
130,113,1085,20,g,13.6,
131,113,1089,20,g,6.736842105,
132,114,1072,1,units,15,
133,114,1075,100,g,30.66666667,
134,114,1080,15,g,4.285714286,
135,114,1090,15,g,3.308571429,
136,114,1091,10,g,1.76,
137,114,1118,2,g,3.228571429,
138,114,1119,4,g,4.9,
139,114,1092,45,ml,3.705882353,
140,114,1084,20,g,8.26,
141,114,1086,20,g,6.666666667,
142,114,1115,20,g,7.84,
143,115,1072,2,units,30,
144,115,1075,100,g,30.66666667,
145,115,1080,15,g,4.285714286,
146,115,1090,15,g,3.308571429,
147,115,1091,10,g,1.76,
148,115,1118,2,g,3.228571429,
149,115,1119,4,g,4.9,
150,115,1092,45,ml,3.705882353,
151,115,1097,15,g,0.735,
152,115,1098,15,g,0.525,
153,115,1099,15,g,1.2,
154,115,1087,15,g,1.26,
155,115,1076,15,g,5.25,
156,115,1077,15,g,12.5,
157,115,1078,15,g,4.772727273,
158,116,1072,1,units,15,
159,116,1075,100,g,30.66666667,
160,116,1080,15,g,4.285714286,
161,116,1090,15,g,3.308571429,
162,116,1091,10,g,1.76,
163,116,1118,2,g,3.228571429,
164,116,1119,4,g,4.9,
165,116,1092,45,ml,3.705882353,
166,116,1097,10,g,0.49,
167,116,1098,10,g,0.35,
168,116,1099,10,g,0.8,
169,116,1087,10,g,0.84,
170,116,1076,10,g,3.5,
171,116,1077,10,g,8.333333333,
172,116,1078,10,g,3.181818182,
173,116,1083,10,g,1.22,
174,116,1084,10,g,4.13,
175,116,1121,10,g,12.1,
176,117,1072,1,units,15,
177,117,1075,100,g,30.66666667,
178,117,1080,15,g,4.285714286,
179,117,1090,15,g,3.308571429,
180,117,1091,10,g,1.76,
181,117,1118,2,g,3.228571429,
182,117,1119,4,g,4.9,
183,117,1092,45,ml,3.705882353,
184,117,1107,50,g,9,
185,117,1116,20,g,10.4,
186,118,1072,1,units,15,
187,118,1075,100,g,30.66666667,
188,118,1080,15,g,4.285714286,
189,118,1090,15,g,3.308571429,
190,118,1091,10,g,1.76,
191,118,1118,2,g,3.228571429,
192,118,1119,4,g,4.9,
193,118,1092,45,ml,3.705882353,
194,118,1107,50,g,9,
195,118,1116,20,g,10.4,
196,118,1114,15,g,15,
197,118,1082,20,g,11.33333333,
198,119,1072,1,units,15,
199,119,1075,100,g,30.66666667,
200,119,1080,15,g,4.285714286,
201,119,1090,15,g,3.308571429,
202,119,1091,10,g,1.76,
203,119,1118,2,g,3.228571429,
204,119,1119,4,g,4.9,
205,119,1092,45,ml,3.705882353,
206,119,1107,50,g,9,
207,119,1116,20,g,10.4,
208,119,1115,25,g,9.8,
209,119,1089,15,g,5.052631579,
210,120,1072,1,units,15,
211,120,1075,100,g,30.66666667,
212,120,1080,15,g,4.285714286,
213,120,1090,15,g,3.308571429,
214,120,1091,10,g,1.76,
215,120,1118,2,g,3.228571429,
216,120,1119,4,g,4.9,
217,120,1092,45,ml,3.705882353,
218,120,1107,50,g,9,
219,120,1116,20,g,10.4,
220,120,1081,30,g,7.5,
221,120,1061,25,g,6.25,
222,121,1072,1,units,15,
223,121,1075,100,g,30.66666667,
224,121,1080,15,g,4.285714286,
225,121,1090,15,g,3.308571429,
226,121,1091,10,g,1.76,
227,121,1118,2,g,3.228571429,
228,121,1119,4,g,4.9,
229,121,1092,45,ml,3.705882353,
230,121,1107,50,g,9,
231,121,1116,20,g,10.4,
232,121,1081,30,g,7.5,
233,121,1115,15,g,5.88,
234,122,1072,1,units,15,
235,122,1075,100,g,30.66666667,
236,122,1080,15,g,4.285714286,
237,122,1090,15,g,3.308571429,
238,122,1091,10,g,1.76,
239,122,1118,2,g,3.228571429,
240,122,1119,4,g,4.9,
241,122,1092,45,ml,3.705882353,
242,122,1107,50,g,9,
243,122,1116,20,g,10.4,
244,122,1082,30,g,17,
245,122,1089,15,g,5.052631579,
246,122,1114,15,g,15,
247,123,1072,1,units,15,
248,123,1075,100,g,30.66666667,
249,123,1080,15,g,4.285714286,
250,123,1090,15,g,3.308571429,
251,123,1091,10,g,1.76,
252,123,1118,2,g,3.228571429,
253,123,1119,4,g,4.9,
254,123,1092,45,ml,3.705882353,
255,123,1107,50,g,9,
256,123,1116,20,g,10.4,
257,123,1085,15,g,10.2,
258,123,1086,10,g,3.333333333,
259,123,1089,30,g,10.10526316,
260,124,1072,1,units,15,
261,124,1075,100,g,30.66666667,
262,124,1080,15,g,4.285714286,
263,124,1090,15,g,3.308571429,
264,124,1091,10,g,1.76,
265,124,1118,2,g,3.228571429,
266,124,1119,4,g,4.9,
267,124,1092,45,ml,3.705882353,
268,124,1107,50,g,9,
269,124,1116,20,g,10.4,
270,124,1121,30,g,36.3,
271,124,1082,25,g,14.16666667,
272,125,1072,1,units,15,
273,125,1075,100,g,30.66666667,
274,125,1080,15,g,4.285714286,
275,125,1090,15,g,3.308571429,
276,125,1091,10,g,1.76,
277,125,1118,2,g,3.228571429,
278,125,1119,4,g,4.9,
279,125,1092,45,ml,3.705882353,
280,125,1107,70,g,12.6,
281,125,1116,20,g,10.4,
282,125,1076,30,g,10.5,
283,125,1077,20,g,16.66666667,
284,125,1078,25,g,7.954545455,
285,125,1079,30,g,11.25,
286,125,1115,25,g,9.8,
287,126,1073,1,units,25,
288,126,1075,120,g,36.8,
289,126,1080,25,g,7.142857143,
290,126,1090,25,g,5.514285714,
291,126,1091,15,g,2.64,
292,126,1118,4,g,6.457142857,
293,126,1119,6,g,7.35,
294,126,1092,65,ml,5.352941176,
295,127,1073,1,units,25,
296,127,1075,150,g,46,
297,127,1080,25,g,7.142857143,
298,127,1090,25,g,5.514285714,
299,127,1091,15,g,2.64,
300,127,1118,4,g,6.457142857,
301,127,1119,6,g,7.35,
302,127,1092,65,ml,5.352941176,
303,127,1097,45,g,2.205,
304,128,1073,1,units,25,
305,128,1075,150,g,46,
306,128,1080,25,g,7.142857143,
307,128,1090,25,g,5.514285714,
308,128,1091,15,g,2.64,
309,128,1118,4,g,6.457142857,
310,128,1119,6,g,7.35,
311,128,1092,65,ml,5.352941176,
312,128,1099,45,g,3.6,
313,129,1073,1,units,25,
314,129,1075,150,g,46,
315,129,1080,25,g,7.142857143,
316,129,1090,25,g,5.514285714,
317,129,1091,15,g,2.64,
318,129,1118,4,g,6.457142857,
319,129,1119,6,g,7.35,
320,129,1092,65,ml,5.352941176,
321,129,1098,45,g,1.575,
322,130,1073,1,units,25,
323,130,1075,150,g,46,
324,130,1080,25,g,7.142857143,
325,130,1090,25,g,5.514285714,
326,130,1091,15,g,2.64,
327,130,1118,4,g,6.457142857,
328,130,1119,6,g,7.35,
329,130,1092,65,ml,5.352941176,
330,130,1083,60,g,7.32,
331,131,1073,1,units,25,
332,131,1075,150,g,46,
333,131,1080,25,g,7.142857143,
334,131,1090,25,g,5.514285714,
335,131,1091,15,g,2.64,
336,131,1118,4,g,6.457142857,
337,131,1119,6,g,7.35,
338,131,1092,65,ml,5.352941176,
339,131,1097,45,g,2.205,
340,131,1099,45,g,3.6,
341,132,1073,1,units,25,
342,132,1075,150,g,46,
343,132,1080,25,g,7.142857143,
344,132,1090,25,g,5.514285714,
345,132,1091,15,g,2.64,
346,132,1118,4,g,6.457142857,
347,132,1119,6,g,7.35,
348,132,1092,65,ml,5.352941176,
349,132,1083,40,g,4.88,
350,132,1076,40,g,14,
351,133,1073,1,units,25,
352,133,1075,150,g,46,
353,133,1080,25,g,7.142857143,
354,133,1090,25,g,5.514285714,
355,133,1091,15,g,2.64,
356,133,1118,4,g,6.457142857,
357,133,1119,6,g,7.35,
358,133,1092,65,ml,5.352941176,
359,133,1077,30,g,25,
360,133,1079,30,g,11.25,
361,133,1099,30,g,2.4,
362,134,1073,1,units,25,
363,134,1075,150,g,46,
364,134,1080,25,g,7.142857143,
365,134,1090,25,g,5.514285714,
366,134,1091,15,g,2.64,
367,134,1118,4,g,6.457142857,
368,134,1119,6,g,7.35,
369,134,1092,65,ml,5.352941176,
370,134,1087,35,g,2.94,
371,134,1088,40,g,10,
372,134,1078,40,g,12.72727273,
373,135,1073,1,units,25,
374,135,1075,150,g,46,
375,135,1080,25,g,7.142857143,
376,135,1090,25,g,5.514285714,
377,135,1091,15,g,2.64,
378,135,1118,4,g,6.457142857,
379,135,1119,6,g,7.35,
380,135,1092,65,ml,5.352941176,
381,135,1084,35,g,14.455,
382,135,1097,40,g,1.96,
383,135,1077,35,g,29.16666667,
384,136,1073,1,units,25,
385,136,1075,150,g,46,
386,136,1080,25,g,7.142857143,
387,136,1090,25,g,5.514285714,
388,136,1091,15,g,2.64,
389,136,1118,4,g,6.457142857,
390,136,1119,6,g,7.35,
391,136,1092,65,ml,5.352941176,
392,136,1083,45,g,5.49,
393,136,1097,40,g,1.96,
394,136,1099,40,g,3.2,
395,137,1073,1,units,25,
396,137,1075,150,g,46,
397,137,1080,25,g,7.142857143,
398,137,1090,25,g,5.514285714,
399,137,1091,15,g,2.64,
400,137,1118,4,g,6.457142857,
401,137,1119,6,g,7.35,
402,137,1092,65,ml,5.352941176,
403,137,1097,40,g,1.96,
404,137,1098,45,g,1.575,
405,137,1099,40,g,3.2,
406,137,1087,40,g,3.36,
407,138,1073,1,units,25,
408,138,1075,150,g,46,
409,138,1080,25,g,7.142857143,
410,138,1090,25,g,5.514285714,
411,138,1091,15,g,2.64,
412,138,1118,4,g,6.457142857,
413,138,1119,6,g,7.35,
414,138,1092,65,ml,5.352941176,
415,138,1084,40,g,16.52,
416,138,1085,35,g,23.8,
417,138,1089,35,g,11.78947368,
418,139,1073,1,units,25,
419,139,1075,150,g,46,
420,139,1080,25,g,7.142857143,
421,139,1090,25,g,5.514285714,
422,139,1091,15,g,2.64,
423,139,1118,4,g,6.457142857,
424,139,1119,6,g,7.35,
425,139,1092,65,ml,5.352941176,
426,139,1084,40,g,16.52,
427,139,1086,30,g,10,
428,139,1115,25,g,9.8,
429,140,1073,1,units,25,
430,140,1075,150,g,46,
431,140,1080,25,g,7.142857143,
432,140,1090,25,g,5.514285714,
433,140,1091,15,g,2.64,
434,140,1118,4,g,6.457142857,
435,140,1119,6,g,7.35,
436,140,1092,65,ml,5.352941176,
437,140,1097,40,g,1.96,
438,140,1098,35,g,1.225,
439,140,1099,35,g,2.8,
440,140,1087,35,g,2.94,
441,140,1076,30,g,10.5,
442,140,1077,30,g,25,
443,140,1078,30,g,9.545454545,
444,141,1073,1,units,25,
445,141,1075,75,g,23,
446,141,1080,25,g,7.142857143,
447,141,1090,25,g,5.514285714,
448,141,1091,15,g,2.64,
449,141,1118,4,g,6.457142857,
450,141,1119,6,g,7.35,
451,141,1092,50,ml,4.117647059,
452,141,1097,30,g,1.47,
453,141,1098,35,g,1.225,
454,141,1099,40,g,3.2,
455,141,1087,45,g,3.78,
456,141,1076,30,g,10.5,
457,141,1077,35,g,29.16666667,
458,141,1078,30,g,9.545454545,
459,141,1083,30,g,3.66,
460,141,1084,30,g,12.39,
461,141,1121,40,g,48.4,
462,142,1073,1,units,25,
463,142,1075,150,g,46,
464,142,1080,25,g,7.142857143,
465,142,1090,25,g,5.514285714,
466,142,1091,15,g,2.64,
467,142,1118,4,g,6.457142857,
468,142,1119,6,g,7.35,
469,142,1092,65,ml,5.352941176,
470,142,1107,75,g,13.5,
471,142,1116,35,g,18.2,
472,143,1073,1,units,25,
473,143,1075,150,g,46,
474,143,1080,25,g,7.142857143,
475,143,1090,25,g,5.514285714,
476,143,1091,15,g,2.64,
477,143,1118,4,g,6.457142857,
478,143,1119,6,g,7.35,
479,143,1092,65,ml,5.352941176,
480,143,1107,75,g,13.5,
481,143,1116,35,g,18.2,
482,143,1114,20,g,20,
483,143,1082,35,g,19.83333333,
484,144,1073,1,units,25,
485,144,1075,150,g,46,
486,144,1080,25,g,7.142857143,
487,144,1090,25,g,5.514285714,
488,144,1091,15,g,2.64,
489,144,1118,4,g,6.457142857,
490,144,1119,6,g,7.35,
491,144,1092,65,ml,5.352941176,
492,144,1107,75,g,13.5,
493,144,1116,35,g,18.2,
494,144,1115,20,g,7.84,
495,144,1089,40,g,13.47368421,
496,145,1073,1,units,25,
497,145,1075,150,g,46,
498,145,1080,25,g,7.142857143,
499,145,1090,25,g,5.514285714,
500,145,1091,15,g,2.64,
501,145,1118,4,g,6.457142857,
502,145,1119,6,g,7.35,
503,145,1092,65,ml,5.352941176,
504,145,1107,75,g,13.5,
505,145,1116,35,g,18.2,
506,145,1081,35,g,8.75,
507,145,1061,45,g,11.25,
508,146,1073,1,units,25,
509,146,1075,150,g,46,
510,146,1080,25,g,7.142857143,
511,146,1090,25,g,5.514285714,
512,146,1091,15,g,2.64,
513,146,1118,4,g,6.457142857,
514,146,1119,6,g,7.35,
515,146,1092,65,ml,5.352941176,
516,146,1107,75,g,13.5,
517,146,1116,35,g,18.2,
518,146,1081,40,g,10,
519,146,1115,45,g,17.64,
520,147,1073,1,units,25,
521,147,1075,150,g,46,
522,147,1080,25,g,7.142857143,
523,147,1090,25,g,5.514285714,
524,147,1091,15,g,2.64,
525,147,1118,4,g,6.457142857,
526,147,1119,6,g,7.35,
527,147,1092,65,ml,5.352941176,
528,147,1107,75,g,13.5,
529,147,1116,35,g,18.2,
530,147,1082,50,g,28.33333333,
531,147,1089,35,g,11.78947368,
532,147,1114,35,g,35,
533,148,1073,1,units,25,
534,148,1075,150,g,46,
535,148,1080,25,g,7.142857143,
536,148,1090,25,g,5.514285714,
537,148,1091,15,g,2.64,
538,148,1118,4,g,6.457142857,
539,148,1119,6,g,7.35,
540,148,1092,65,ml,5.352941176,
541,148,1107,75,g,13.5,
542,148,1116,35,g,18.2,
543,148,1085,40,g,27.2,
544,148,1086,35,g,11.66666667,
545,148,1089,40,g,13.47368421,
546,149,1073,1,units,25,
547,149,1075,150,g,46,
548,149,1080,25,g,7.142857143,
549,149,1090,25,g,5.514285714,
550,149,1091,15,g,2.64,
551,149,1118,4,g,6.457142857,
552,149,1119,6,g,7.35,
553,149,1092,65,ml,5.352941176,
554,149,1107,75,g,13.5,
555,149,1116,35,g,18.2,
556,149,1121,35,g,42.35,
557,149,1082,45,g,25.5,
558,150,1073,1,units,25,
559,150,1075,150,g,46,
560,150,1080,25,g,7.142857143,
561,150,1090,25,g,5.514285714,
562,150,1091,15,g,2.64,
563,150,1118,4,g,6.457142857,
564,150,1119,6,g,7.35,
565,150,1092,65,ml,5.352941176,
566,150,1107,95,g,17.1,
567,150,1116,35,g,18.2,
568,150,1076,20,g,7,
569,150,1077,45,g,37.5,
570,150,1078,40,g,12.72727273,
571,150,1079,25,g,9.375,
572,150,1115,20,g,7.84,
573,151,1074,1,units,33.33333333,
574,151,1075,225,g,69,
575,151,1080,35,g,10,
576,151,1090,30,g,6.617142857,
577,151,1091,25,g,4.4,
578,151,1118,6,g,9.685714286,
579,151,1119,8,g,9.8,
580,151,1092,80,ml,6.588235294,
581,152,1074,1,units,33.33333333,
582,152,1075,225,g,69,
583,152,1080,35,g,10,
584,152,1090,30,g,6.617142857,
585,152,1091,25,g,4.4,
586,152,1118,6,g,9.685714286,
587,152,1119,8,g,9.8,
588,152,1092,80,ml,6.588235294,
589,152,1097,60,g,2.94,
590,153,1074,1,units,33.33333333,
591,153,1075,225,g,69,
592,153,1080,35,g,10,
593,153,1090,30,g,6.617142857,
594,153,1091,25,g,4.4,
595,153,1118,6,g,9.685714286,
596,153,1119,8,g,9.8,
597,153,1092,80,ml,6.588235294,
598,153,1099,60,g,4.8,
599,154,1074,1,units,33.33333333,
600,154,1075,225,g,69,
601,154,1080,35,g,10,
602,154,1090,30,g,6.617142857,
603,154,1091,25,g,4.4,
604,154,1118,6,g,9.685714286,
605,154,1119,8,g,9.8,
606,154,1092,80,ml,6.588235294,
607,154,1098,60,g,2.1,
608,155,1074,1,units,33.33333333,
609,155,1075,225,g,69,
610,155,1080,35,g,10,
611,155,1090,30,g,6.617142857,
612,155,1091,25,g,4.4,
613,155,1118,6,g,9.685714286,
614,155,1119,8,g,9.8,
615,155,1092,80,ml,6.588235294,
616,155,1083,60,g,7.32,
617,156,1074,1,units,33.33333333,
618,156,1075,225,g,69,
619,156,1080,35,g,10,
620,156,1090,30,g,6.617142857,
621,156,1091,25,g,4.4,
622,156,1118,6,g,9.685714286,
623,156,1119,8,g,9.8,
624,156,1092,80,ml,6.588235294,
625,156,1097,45,g,2.205,
626,156,1099,20,g,1.6,
627,157,1074,1,units,33.33333333,
628,157,1075,225,g,69,
629,157,1080,35,g,10,
630,157,1090,30,g,6.617142857,
631,157,1091,25,g,4.4,
632,157,1118,6,g,9.685714286,
633,157,1119,8,g,9.8,
634,157,1092,80,ml,6.588235294,
635,157,1083,45,g,5.49,
636,157,1076,45,g,15.75,
637,158,1074,1,units,33.33333333,
638,158,1075,210,g,64.4,
639,158,1080,35,g,10,
640,158,1090,30,g,6.617142857,
641,158,1091,25,g,4.4,
642,158,1118,6,g,9.685714286,
643,158,1119,8,g,9.8,
644,158,1092,30,ml,2.470588235,
645,158,1077,50,g,41.66666667,
646,158,1079,45,g,16.875,
647,158,1099,40,g,3.2,
648,159,1074,1,units,33.33333333,
649,159,1075,225,g,69,
650,159,1080,35,g,10,
651,159,1090,30,g,6.617142857,
652,159,1091,25,g,4.4,
653,159,1118,6,g,9.685714286,
654,159,1119,8,g,9.8,
655,159,1092,80,ml,6.588235294,
656,159,1087,55,g,4.62,
657,159,1088,55,g,13.75,
658,159,1078,50,g,15.90909091,
659,160,1074,1,units,33.33333333,
660,160,1075,225,g,69,
661,160,1080,35,g,10,
662,160,1090,30,g,6.617142857,
663,160,1091,25,g,4.4,
664,160,1118,6,g,9.685714286,
665,160,1119,8,g,9.8,
666,160,1092,80,ml,6.588235294,
667,160,1084,55,g,22.715,
668,160,1097,50,g,2.45,
669,160,1077,45,g,37.5,
670,161,1074,1,units,33.33333333,
671,161,1075,225,g,69,
672,161,1080,35,g,10,
673,161,1090,30,g,6.617142857,
674,161,1091,25,g,4.4,
675,161,1118,6,g,9.685714286,
676,161,1119,8,g,9.8,
677,161,1092,80,ml,6.588235294,
678,161,1083,55,g,6.71,
679,161,1097,50,g,2.45,
680,161,1099,55,g,4.4,
681,162,1074,1,units,33.33333333,
682,162,1075,225,g,69,
683,162,1080,35,g,10,
684,162,1090,30,g,6.617142857,
685,162,1091,25,g,4.4,
686,162,1118,6,g,9.685714286,
687,162,1119,8,g,9.8,
688,162,1092,80,ml,6.588235294,
689,162,1097,50,g,2.45,
690,162,1098,50,g,1.75,
691,162,1099,55,g,4.4,
692,162,1087,50,g,4.2,
693,163,1074,1,units,33.33333333,
694,163,1075,225,g,69,
695,163,1080,35,g,10,
696,163,1090,30,g,6.617142857,
697,163,1091,25,g,4.4,
698,163,1118,6,g,9.685714286,
699,163,1119,8,g,9.8,
700,163,1092,80,ml,6.588235294,
701,163,1084,55,g,22.715,
702,163,1085,50,g,34,
703,163,1089,50,g,16.84210526,
704,164,1074,1,units,33.33333333,
705,164,1075,225,g,69,
706,164,1080,35,g,10,
707,164,1090,30,g,6.617142857,
708,164,1091,25,g,4.4,
709,164,1118,6,g,9.685714286,
710,164,1119,8,g,9.8,
711,164,1092,80,ml,6.588235294,
712,164,1084,50,g,20.65,
713,164,1086,45,g,15,
714,164,1115,45,g,17.64,
715,165,1074,1,units,33.33333333,
716,165,1075,225,g,69,
717,165,1080,35,g,10,
718,165,1090,30,g,6.617142857,
719,165,1091,25,g,4.4,
720,165,1118,6,g,9.685714286,
721,165,1119,8,g,9.8,
722,165,1092,80,ml,6.588235294,
723,165,1097,50,g,2.45,
724,165,1098,55,g,1.925,
725,165,1099,50,g,4,
726,165,1087,45,g,3.78,
727,165,1076,40,g,14,
728,165,1077,50,g,41.66666667,
729,165,1078,55,g,17.5,
730,166,1074,1,units,33.33333333,
731,166,1075,225,g,69,
732,166,1080,35,g,10,
733,166,1090,30,g,6.617142857,
734,166,1091,25,g,4.4,
735,166,1118,6,g,9.685714286,
736,166,1119,8,g,9.8,
737,166,1092,80,ml,6.588235294,
738,166,1097,45,g,2.205,
739,166,1098,40,g,1.4,
740,166,1099,40,g,3.2,
741,166,1087,40,g,3.36,
742,166,1076,40,g,14,
743,166,1077,40,g,33.33333333,
744,166,1078,40,g,12.72727273,
745,166,1083,45,g,5.49,
746,166,1084,40,g,16.52,
747,166,1121,40,g,48.4,
748,167,1074,1,units,33.33333333,
749,167,1075,225,g,69,
750,167,1080,35,g,10,
751,167,1090,30,g,6.617142857,
752,167,1091,25,g,4.4,
753,167,1118,6,g,9.685714286,
754,167,1119,8,g,9.8,
755,167,1092,80,ml,6.588235294,
756,167,1107,95,g,17.1,
757,167,1116,45,g,23.4,
758,168,1074,1,units,33.33333333,
759,168,1075,200,g,61.33333333,
760,168,1080,30,g,8.571428571,
761,168,1090,30,g,6.617142857,
762,168,1091,20,g,3.52,
763,168,1118,6,g,9.685714286,
764,168,1119,8,g,9.8,
765,168,1092,60,ml,4.941176471,
766,168,1107,95,g,17.1,
767,168,1116,45,g,23.4,
768,168,1114,40,g,40,
769,168,1082,50,g,28.33333333,
770,169,1074,1,units,33.33333333,
771,169,1075,225,g,69,
772,169,1080,35,g,10,
773,169,1090,30,g,6.617142857,
774,169,1091,25,g,4.4,
775,169,1118,6,g,9.685714286,
776,169,1119,8,g,9.8,
777,169,1092,80,ml,6.588235294,
778,169,1107,95,g,17.1,
779,169,1116,50,g,26,
780,169,1115,55,g,21.56,
781,169,1089,60,g,20.21052632,
782,170,1074,1,units,33.33333333,
783,170,1075,225,g,69,
784,170,1080,35,g,10,
785,170,1090,30,g,6.617142857,
786,170,1091,25,g,4.4,
787,170,1118,6,g,9.685714286,
788,170,1119,8,g,9.8,
789,170,1092,80,ml,6.588235294,
790,170,1107,95,g,17.1,
791,170,1116,50,g,26,
792,170,1081,55,g,13.75,
793,170,1061,50,g,12.5,
794,171,1074,1,units,33.33333333,
795,171,1075,225,g,69,
796,171,1080,35,g,10,
797,171,1090,30,g,6.617142857,
798,171,1091,25,g,4.4,
799,171,1118,6,g,9.685714286,
800,171,1119,8,g,9.8,
801,171,1092,80,ml,6.588235294,
802,171,1107,95,g,17.1,
803,171,1116,50,g,26,
804,171,1081,55,g,13.75,
805,171,1115,45,g,17.64,
806,172,1074,1,units,33.33333333,
807,172,1075,225,g,69,
808,172,1080,35,g,10,
809,172,1090,30,g,6.617142857,
810,172,1091,25,g,4.4,
811,172,1118,6,g,9.685714286,
812,172,1119,8,g,9.8,
813,172,1092,80,ml,6.588235294,
814,172,1107,95,g,17.1,
815,172,1116,50,g,26,
816,172,1082,45,g,25.5,
817,172,1089,50,g,16.84210526,
818,172,1114,55,g,55,
819,173,1074,1,units,33.33333333,
820,173,1075,225,g,69,
821,173,1080,35,g,10,
822,173,1090,30,g,6.617142857,
823,173,1091,25,g,4.4,
824,173,1118,6,g,9.685714286,
825,173,1119,8,g,9.8,
826,173,1092,80,ml,6.588235294,
827,173,1107,95,g,17.1,
828,173,1116,50,g,26,
829,173,1085,45,g,30.6,
830,173,1086,40,g,13.33333333,
831,173,1089,50,g,16.84210526,
832,174,1074,1,units,33.33333333,
833,174,1075,225,g,69,
834,174,1080,35,g,10,
835,174,1090,30,g,6.617142857,
836,174,1091,25,g,4.4,
837,174,1118,6,g,9.685714286,
838,174,1119,8,g,9.8,
839,174,1092,80,ml,6.588235294,
840,174,1107,95,g,17.1,
841,174,1116,50,g,26,
842,174,1121,45,g,54.45,
843,174,1082,45,g,25.5,
844,175,1074,1,units,33.33333333,
845,175,1075,225,g,69,
846,175,1080,35,g,10,
847,175,1090,30,g,6.617142857,
848,175,1091,25,g,4.4,
849,175,1118,6,g,9.685714286,
850,175,1119,8,g,9.8,
851,175,1092,80,ml,6.588235294,
852,175,1107,115,g,20.7,
853,175,1116,50,g,26,
854,175,1076,45,g,15.75,
855,175,1077,40,g,33.33333333,
856,175,1078,55,g,17.5,
857,175,1079,50,g,18.75,
858,175,1115,45,g,17.64,
859,176,1071,2,units,12.72727273,
860,176,1097,20,g,0.98,
861,176,1098,20,g,0.7,
862,176,1099,20,g,1.6,
863,176,1092,15,g,1.235294118,
864,176,1075,20,g,6.133333333,
865,176,1080,15,g,4.285714286,
866,176,1089,20,g,6.736842105,
867,176,1090,15,g,3.308571429,
868,176,1091,20,g,3.52,
869,177,1071,2,units,12.72727273,
870,177,1097,20,g,0.98,
871,177,1098,10,g,0.35,
872,177,1099,20,g,1.6,
873,177,1092,15,g,1.235294118,
874,177,1075,20,g,6.133333333,
875,177,1080,15,g,4.285714286,
876,177,1090,15,g,3.308571429,
877,178,1071,2,units,12.72727273,
878,178,1097,20,g,0.98,
879,178,1098,20,g,0.7,
880,178,1099,20,g,1.6,
881,178,1092,15,g,1.235294118,
882,178,1075,20,g,6.133333333,
883,178,1080,15,g,4.285714286,
884,178,1089,20,g,6.736842105,
885,178,1090,15,g,3.308571429,
886,178,1091,20,g,3.52,
887,178,1002,20,g,4.8,
888,179,1071,2,units,12.72727273,
889,179,1097,20,g,0.98,
890,179,1098,20,g,0.7,
891,179,1099,20,g,1.6,
892,179,1092,15,g,1.235294118,
893,179,1075,20,g,6.133333333,
894,179,1080,15,g,4.285714286,
895,179,1089,20,g,6.736842105,
896,179,1090,15,g,3.308571429,
897,179,1091,20,g,3.52,
898,179,1084,20,g,8.26,
899,180,1071,2,units,12.72727273,
900,180,1097,20,g,0.98,
901,180,1098,20,g,0.7,
902,180,1099,20,g,1.6,
903,180,1092,15,g,1.235294118,
904,180,1075,20,g,6.133333333,
905,180,1080,15,g,4.285714286,
906,180,1089,20,g,6.736842105,
907,180,1090,15,g,3.308571429,
908,180,1091,20,g,3.52,
909,180,1104,10,g,1.5,
910,180,1069,1,units,8.8,
911,181,1071,2,units,12.72727273,
912,181,1097,20,g,0.98,
913,181,1098,20,g,0.7,
914,181,1099,20,g,1.6,
915,181,1092,15,g,1.235294118,
916,181,1075,20,g,6.133333333,
917,181,1080,15,g,4.285714286,
918,181,1089,20,g,6.736842105,
919,181,1090,15,g,3.308571429,
920,181,1091,20,g,3.52,
921,181,1083,25,g,3.05,
922,181,1069,1,units,8.8,
923,182,1071,2,units,12.72727273,
924,182,1097,20,g,0.98,
925,182,1098,20,g,0.7,
926,182,1099,20,g,1.6,
927,182,1092,15,g,1.235294118,
928,182,1075,20,g,6.133333333,
929,182,1080,15,g,4.285714286,
930,182,1089,20,g,6.736842105,
931,182,1090,15,g,3.308571429,
932,182,1091,20,g,3.52,
933,182,1107,20,g,3.6,
934,183,1071,2,units,12.72727273,
935,183,1097,20,g,0.98,
936,183,1098,20,g,0.7,
937,183,1099,20,g,1.6,
938,183,1092,15,g,1.235294118,
939,183,1075,20,g,6.133333333,
940,183,1080,15,g,4.285714286,
941,183,1089,20,g,6.736842105,
942,183,1090,15,g,3.308571429,
943,183,1091,20,g,3.52,
944,183,1046,2,units,20.43636364,
945,184,1071,2,units,12.72727273,
946,184,1097,20,g,0.98,
947,184,1098,20,g,0.7,
948,184,1099,20,g,1.6,
949,184,1092,15,g,1.235294118,
950,184,1075,20,g,6.133333333,
951,184,1080,15,g,4.285714286,
952,184,1089,20,g,6.736842105,
953,184,1090,15,g,3.308571429,
954,184,1091,20,g,3.52,
955,184,1107,20,g,3.6,
956,184,1082,25,g,14.16666667,
957,185,1071,2,units,12.72727273,
958,185,1097,20,g,0.98,
959,185,1098,20,g,0.7,
960,185,1099,20,g,1.6,
961,185,1092,15,g,1.235294118,
962,185,1075,20,g,6.133333333,
963,185,1080,15,g,4.285714286,
964,185,1089,20,g,6.736842105,
965,185,1090,15,g,3.308571429,
966,185,1091,20,g,3.52,
967,185,1107,20,g,3.6,
968,185,1069,1,units,8.8,
969,186,1065,1,units,6.25,
970,186,1097,10,g,0.49,
971,186,1098,10,g,0.35,
972,186,1099,10,g,0.8,
973,186,1090,10,g,2.205714286,
974,186,1080,10,g,2.857142857,
975,186,1114,5,g,5,
976,186,1092,15,g,1.235294118,
977,186,1066,1,units,14.63157895,
978,187,1065,1,units,6.25,
979,187,1097,10,g,0.49,
980,187,1098,10,g,0.35,
981,187,1099,10,g,0.8,
982,187,1090,10,g,2.205714286,
983,187,1080,10,g,2.857142857,
984,187,1114,5,g,5,
985,187,1092,15,g,1.235294118,
986,187,1091,10,g,1.76,
987,187,1069,1,units,8.8,
988,187,1066,1,units,14.63157895,
989,188,1065,1,units,6.25,
990,188,1097,10,g,0.49,
991,188,1098,10,g,0.35,
992,188,1099,10,g,0.8,
993,188,1090,10,g,2.205714286,
994,188,1080,10,g,2.857142857,
995,188,1114,5,g,5,
996,188,1092,15,g,1.235294118,
997,188,1091,10,g,1.76,
998,188,1069,1,units,8.8,
999,188,1047,3,units,9.333333333,
1000,189,1065,1,units,6.25,
1001,189,1097,10,g,0.49,
1002,189,1098,10,g,0.35,
1003,189,1099,10,g,0.8,
1004,189,1090,10,g,2.205714286,
1005,189,1080,10,g,2.857142857,
1006,189,1114,5,g,5,
1007,189,1092,15,g,1.235294118,
1008,189,1091,10,g,1.76,
1009,189,1069,1,units,8.8,
1010,189,1070,1,units,7.513513514,
1011,190,1065,1,units,6.25,
1012,190,1097,10,g,0.49,
1013,190,1098,10,g,0.35,
1014,190,1099,10,g,0.8,
1015,190,1090,10,g,2.205714286,
1016,190,1080,10,g,2.857142857,
1017,190,1114,5,g,5,
1018,190,1092,15,g,1.235294118,
1019,190,1091,10,g,1.76,
1020,190,1069,1,units,8.8,
1021,190,1067,1,units,19,
1022,191,1065,1,units,6.25,
1023,191,1097,10,g,0.49,
1024,191,1098,10,g,0.35,
1025,191,1099,10,g,0.8,
1026,191,1090,10,g,2.205714286,
1027,191,1080,10,g,2.857142857,
1028,191,1114,5,g,5,
1029,191,1092,15,g,1.235294118,
1030,191,1091,10,g,1.76,
1031,191,1069,1,units,8.8,
1032,191,1046,3,units,30.65454545,
1033,192,1065,1,units,6.25,
1034,192,1097,10,g,0.49,
1035,192,1098,10,g,0.35,
1036,192,1099,10,g,0.8,
1037,192,1090,10,g,2.205714286,
1038,192,1080,10,g,2.857142857,
1039,192,1114,5,g,5,
1040,192,1092,15,g,1.235294118,
1041,192,1091,10,g,1.76,
1042,192,1069,1,units,8.8,
1043,192,1067,2,units,38,
1044,193,1065,1,units,6.25,
1045,193,1097,10,g,0.49,
1046,193,1098,10,g,0.35,
1047,193,1099,10,g,0.8,
1048,193,1090,10,g,2.205714286,
1049,193,1080,10,g,2.857142857,
1050,193,1114,5,g,5,
1051,193,1092,15,g,1.235294118,
1052,193,1091,10,g,1.76,
1053,193,1069,1,units,8.8,
1054,193,1068,25,g,6.75,
1055,194,1062,150,g,22.74,
1056,194,1120,5,g,0.13,
1057,194,1090,15,g,3.308571429,
1058,194,1092,10,g,0.823529412,
1059,195,1063,150,g,34.5,
1060,195,1090,10,g,2.205714286,
1061,195,1092,15,g,1.235294118,
1062,195,1110,10,g,4.92,
1063,196,1062,150,g,22.74,
1064,196,1090,15,g,3.308571429,
1065,196,1092,15,g,1.235294118,
1066,196,1114,10,g,10,
1067,196,1112,20,g,6.44,
1068,197,1064,6,units,1.42,
1069,197,1090,15,g,3.308571429,
1070,197,1092,10,g,0.823529412,
1071,197,1120,5,g,0.13,
1072,198,1051,2,units,5,
1073,198,1096,1,units,7,
1074,198,1092,15,g,1.235294118,
1075,198,1120,5,g,0.13,
1076,198,1089,10,g,3.368421053,
1077,199,1051,2,units,5,
1078,199,1096,1,units,7,
1079,199,1092,15,g,1.235294118,
1080,199,1120,5,g,0.13,
1081,199,1089,10,g,3.368421053,
1082,199,1091,15,g,2.64,
1083,200,1051,2,units,5,
1084,200,1096,2,units,14,
1085,200,1092,15,g,1.235294118,
1086,200,1120,5,g,0.13,
1087,200,1089,10,g,3.368421053,
1088,201,1051,2,units,5,
1089,201,1096,1,units,7,
1090,201,1092,15,g,1.235294118,
1091,201,1120,5,g,0.13,
1092,201,1089,10,g,3.368421053,
1093,201,1107,15,g,2.7,
1094,202,1052,6,units,30,
1095,202,1090,10,g,2.205714286,
1096,202,1089,15,g,5.052631579,
1097,203,1054,6,units,52.5,
1098,203,1090,10,g,2.205714286,
1099,203,1089,15,g,5.052631579,
1100,204,1053,6,units,48,
1101,204,1090,10,g,2.205714286,
1102,204,1089,15,g,5.052631579,
1103,205,1055,25,g,2.9,
1104,205,1056,25,g,1.875,
1105,205,1057,5,g,1,
1106,205,1104,5,g,0.75,
1107,205,1110,10,g,4.92,
1108,205,1111,10,g,5.5,
1109,205,1112,5,g,1.61,
1110,205,1097,100,g,4.9,
1111,206,1055,25,g,2.9,
1112,206,1056,25,g,1.875,
1113,206,1057,5,g,1,
1114,206,1104,5,g,0.75,
1115,206,1110,10,g,4.92,
1116,206,1111,10,g,5.5,
1117,206,1112,5,g,1.61,
1118,206,1084,100,g,41.3,
1119,207,1055,25,g,2.9,
1120,207,1056,25,g,1.875,
1121,207,1057,5,g,1,
1122,207,1104,5,g,0.75,
1123,207,1110,10,g,4.92,
1124,207,1111,10,g,5.5,
1125,207,1112,5,g,1.61,
1126,207,1108,100,g,22,
1127,208,1058,1,units,8.333333333,
1128,208,1097,10,g,0.49,
1129,208,1102,10,g,0.6,
1130,208,1090,10,g,2.205714286,
1131,208,1092,10,g,0.823529412,
1132,208,1079,10,g,3.75,
1133,208,1091,15,g,2.64,
1134,209,1058,1,units,8.333333333,
1135,209,1097,10,g,0.49,
1136,209,1102,10,g,0.6,
1137,209,1090,10,g,2.205714286,
1138,209,1092,10,g,0.823529412,
1139,209,1079,10,g,3.75,
1140,209,1091,15,g,2.64,
1141,209,1070,1,units,7.513513514,
1142,210,1058,1,units,8.333333333,
1143,210,1097,10,g,0.49,
1144,210,1102,10,g,0.6,
1145,210,1090,10,g,2.205714286,
1146,210,1092,10,g,0.823529412,
1147,210,1079,10,g,3.75,
1148,210,1091,15,g,2.64,
1149,210,1088,30,g,7.5,
1150,211,1058,1,units,8.333333333,
1151,211,1097,10,g,0.49,
1152,211,1102,10,g,0.6,
1153,211,1090,10,g,2.205714286,
1154,211,1092,10,g,0.823529412,
1155,211,1079,10,g,3.75,
1156,211,1091,15,g,2.64,
1157,211,1088,30,g,7.5,
1158,211,1084,50,g,20.65,
1159,212,1058,1,units,8.333333333,
1160,212,1097,10,g,0.49,
1161,212,1102,10,g,0.6,
1162,212,1090,10,g,2.205714286,
1163,212,1092,10,g,0.823529412,
1164,212,1079,10,g,3.75,
1165,212,1091,15,g,2.64,
1166,212,1088,30,g,7.5,
1167,212,1107,30,g,5.4,
1168,213,1059,125,g,25,
1169,213,1060,20,g,5.714285714,
1170,213,1083,10,g,1.22,
1171,213,1097,15,g,0.735,
1172,213,1099,15,g,1.2,
1173,213,1120,6,g,0.156,
1174,213,1119,5,g,6.125,
1175,213,1080,10,g,2.857142857,
1176,214,1059,125,g,25,
1177,214,1060,20,g,5.714285714,
1178,214,1083,10,g,1.22,
1179,214,1097,15,g,0.735,
1180,214,1099,15,g,1.2,
1181,214,1120,6,g,0.156,
1182,214,1119,5,g,6.125,
1183,214,1080,10,g,2.857142857,
1184,214,1075,20,g,6.133333333,
1185,215,1059,125,g,25,
1186,215,1061,20,g,5,
1187,215,1083,10,g,1.22,
1188,215,1097,15,g,0.735,
1189,215,1099,15,g,1.2,
1190,215,1120,6,g,0.156,
1191,215,1119,5,g,6.125,
1192,215,1080,10,g,2.857142857,
1193,216,1059,125,g,25,
1194,216,1061,20,g,5,
1195,216,1083,10,g,1.22,
1196,216,1097,15,g,0.735,
1197,216,1099,15,g,1.2,
1198,216,1120,6,g,0.156,
1199,216,1119,5,g,6.125,
1200,216,1080,10,g,2.857142857,
1201,216,1075,20,g,6.133333333,
1202,217,1059,125,g,25,
1203,217,1061,20,g,5,
1204,217,1083,10,g,1.22,
1205,217,1097,15,g,0.735,
1206,217,1099,15,g,1.2,
1207,217,1120,6,g,0.156,
1208,217,1119,5,g,6.125,
1209,217,1080,10,g,2.857142857,
1210,217,1060,25,g,7.142857143,
1211,218,1059,125,g,25,
1212,218,1061,20,g,5,
1213,218,1083,10,g,1.22,
1214,218,1097,15,g,0.735,
1215,218,1099,15,g,1.2,
1216,218,1120,6,g,0.156,
1217,218,1119,5,g,6.125,
1218,218,1080,10,g,2.857142857,
1219,218,1060,20,g,5.714285714,
1220,218,1075,25,g,7.666666667,
1221,219,1059,125,g,25,
1222,219,1060,20,g,5.714285714,
1223,219,1083,10,g,1.22,
1224,219,1097,15,g,0.735,
1225,219,1099,15,g,1.2,
1226,219,1120,6,g,0.156,
1227,219,1119,5,g,6.125,
1228,219,1080,10,g,2.857142857,
1229,219,1107,25,g,4.5,
1230,220,1059,125,g,25,
1231,220,1060,20,g,5.714285714,
1232,220,1083,10,g,1.22,
1233,220,1097,15,g,0.735,
1234,220,1099,15,g,1.2,
1235,220,1120,6,g,0.156,
1236,220,1119,5,g,6.125,
1237,220,1080,10,g,2.857142857,
1238,220,1075,20,g,6.133333333,
1239,220,1107,25,g,4.5,
1240,221,1059,125,g,25,
1241,221,1061,20,g,5,
1242,221,1083,10,g,1.22,
1243,221,1097,15,g,0.735,
1244,221,1099,15,g,1.2,
1245,221,1120,6,g,0.156,
1246,221,1119,5,g,6.125,
1247,221,1080,10,g,2.857142857,
1248,221,1107,25,g,4.5,
1249,222,1059,125,g,25,
1250,222,1061,20,g,5,
1251,222,1083,10,g,1.22,
1252,222,1097,15,g,0.735,
1253,222,1099,15,g,1.2,
1254,222,1120,6,g,0.156,
1255,222,1119,5,g,6.125,
1256,222,1080,10,g,2.857142857,
1257,222,1075,20,g,6.133333333,
1258,222,1107,20,g,3.6,
1259,223,1059,125,g,25,
1260,223,1061,20,g,5,
1261,223,1083,10,g,1.22,
1262,223,1097,15,g,0.735,
1263,223,1099,15,g,1.2,
1264,223,1120,6,g,0.156,
1265,223,1119,5,g,6.125,
1266,223,1080,10,g,2.857142857,
1267,223,1060,20,g,5.714285714,
1268,223,1107,20,g,3.6,
1269,224,1059,125,g,25,
1270,224,1061,20,g,5,
1271,224,1083,10,g,1.22,
1272,224,1097,15,g,0.735,
1273,224,1099,15,g,1.2,
1274,224,1120,6,g,0.156,
1275,224,1119,5,g,6.125,
1276,224,1080,10,g,2.857142857,
1277,224,1060,20,g,5.714285714,
1278,224,1075,25,g,7.666666667,
1279,224,1107,20,g,3.6,
1280,225,1107,150,g,27,
1281,225,1110,10,g,4.92,
1282,225,1111,10,g,5.5,
1283,225,1112,10,g,3.22,
1284,225,1113,10,g,9.6,
1285,225,1097,5,g,0.245,
1286,225,1105,2,g,15.3,
1287,225,1092,10,ml,0.823529412,
1288,225,1093,10,ml,0.592307692,
1289,225,1094,10,ml,0.669565217,
1290,226,1107,150,g,27,
1291,226,1110,10,g,4.92,
1292,226,1111,10,g,5.5,
1293,226,1112,10,g,3.22,
1294,226,1113,10,g,9.6,
1295,226,1097,5,g,0.245,
1296,226,1105,2,g,15.3,
1297,226,1092,10,ml,0.823529412,
1298,226,1093,10,ml,0.592307692,
1299,226,1094,10,ml,0.669565217,
1300,226,1099,10,g,0.8,
1301,226,1117,10,ml,0.66,
1302,227,1107,150,g,27,
1303,227,1110,10,g,4.92,
1304,227,1111,10,g,5.5,
1305,227,1112,10,g,3.22,
1306,227,1113,10,g,9.6,
1307,227,1097,5,g,0.245,
1308,227,1105,2,g,15.3,
1309,227,1092,10,ml,0.823529412,
1310,227,1093,10,ml,0.592307692,
1311,227,1094,10,ml,0.669565217,
1312,227,1099,10,g,0.8,
1313,227,1117,10,ml,0.66,
1314,228,1108,150,g,33,
1315,228,1110,10,g,4.92,
1316,228,1111,10,g,5.5,
1317,228,1112,10,g,3.22,
1318,228,1113,10,g,9.6,
1319,228,1097,5,g,0.245,
1320,228,1105,2,g,15.3,
1321,228,1092,10,ml,0.823529412,
1322,228,1093,10,ml,0.592307692,
1323,228,1094,10,ml,0.669565217,
1324,228,1099,10,g,0.8,
1325,228,1117,10,ml,0.66,
1326,229,1107,150,g,27,
1327,229,1110,10,g,4.92,
1328,229,1111,10,g,5.5,
1329,229,1112,10,g,3.22,
1330,229,1113,10,g,9.6,
1331,229,1097,5,g,0.245,
1332,229,1105,2,g,15.3,
1333,229,1092,10,ml,0.823529412,
1334,229,1093,10,ml,0.592307692,
1335,229,1094,10,ml,0.669565217,
1336,229,1099,10,g,0.8,
1337,229,1117,10,g,0.66,
1338,230,1084,150,g,61.95,
1339,230,1110,10,g,4.92,
1340,230,1111,10,g,5.5,
1341,230,1112,10,g,3.22,
1342,230,1113,10,g,9.6,
1343,230,1097,5,g,0.245,
1344,230,1105,2,g,15.3,
1345,230,1092,10,ml,0.823529412,
1346,230,1093,10,ml,0.592307692,
1347,230,1094,10,ml,0.669565217,
1348,230,1099,10,g,0.8,
1349,230,1117,10,g,0.66,
1350,231,1095,166,g,7.9016,
1351,231,1101,5,g,0.36,
1352,231,1103,5,g,0.39,
1353,231,1104,5,g,0.75,
1354,231,1110,10,g,4.92,
1355,231,1111,10,g,5.5,
1356,231,1112,10,g,3.22,
1357,231,1113,10,g,9.6,
1358,231,1093,10,g,0.592307692,
1359,232,1095,166,g,7.9016,
1360,232,1101,5,g,0.36,
1361,232,1103,5,g,0.39,
1362,232,1104,5,g,0.75,
1363,232,1110,10,g,4.92,
1364,232,1111,10,g,5.5,
1365,232,1112,10,g,3.22,
1366,232,1113,10,g,9.6,
1367,232,1093,10,g,0.592307692,
1368,232,1084,20,g,8.26,
1369,233,1095,166,g,7.9016,
1370,233,1101,5,g,0.36,
1371,233,1103,5,g,0.39,
1372,233,1104,5,g,0.75,
1373,233,1110,10,g,4.92,
1374,233,1111,10,g,5.5,
1375,233,1112,10,g,3.22,
1376,233,1113,10,g,9.6,
1377,233,1093,10,g,0.592307692,
1378,233,1096,1,units,7,
1379,234,1095,166,g,7.9016,
1380,234,1101,5,g,0.36,
1381,234,1103,5,g,0.39,
1382,234,1104,5,g,0.75,
1383,234,1110,10,g,4.92,
1384,234,1111,10,g,5.5,
1385,234,1112,10,g,3.22,
1386,234,1113,10,g,9.6,
1387,234,1093,10,g,0.592307692,
1388,234,1096,2,units,14,
1389,235,1095,166,g,7.9016,
1390,235,1101,5,g,0.36,
1391,235,1103,5,g,0.39,
1392,235,1104,5,g,0.75,
1393,235,1110,10,g,4.92,
1394,235,1111,10,g,5.5,
1395,235,1112,10,g,3.22,
1396,235,1113,10,g,9.6,
1397,235,1093,10,g,0.592307692,
1398,235,1096,1,units,7,
1399,235,1107,20,g,3.6,
1400,236,1095,166,g,7.9016,
1401,236,1101,5,g,0.36,
1402,236,1103,5,g,0.39,
1403,236,1104,5,g,0.75,
1404,236,1110,10,g,4.92,
1405,236,1111,10,g,5.5,
1406,236,1112,10,g,3.22,
1407,236,1113,10,g,9.6,
1408,236,1093,10,g,0.592307692,
1409,236,1096,2,units,14,
1410,236,1107,20,g,3.6,
1411,237,1048,1.5,units,15,
1412,237,1049,2,units,8,
1413,237,1120,20,g,0.52,
1414,238,1048,1.5,units,15,
1415,238,1049,2,units,8,
1416,238,1120,20,g,0.52,
1417,238,1097,10,g,0.49,
1418,238,1098,15,g,0.525,
1419,238,1099,15,g,1.2,
1420,238,1101,20,g,1.44,
1421,238,1103,15,g,1.17,
1422,239,1048,1.5,units,15,
1423,239,1049,2,units,8,
1424,239,1120,20,g,0.52,
1425,239,1050,1,g,6.862745098,
1426,240,1048,1.5,units,15,
1427,240,1049,4,units,16,
1428,240,1120,20,g,0.52,
1429,241,1048,1.5,units,15,
1430,241,1049,2,units,8,
1431,241,1120,20,g,0.52,
1432,241,1082,15,g,8.5,
1433,241,1114,10,g,10,
1434,242,1041,1,units,0.04,
1435,242,1110,10,g,4.92,
1436,242,1090,10,g,2.205714286,
1437,242,1092,15,g,1.235294118,
1438,242,1056,10,g,0.75,
1439,243,1041,1,units,0.04,
1440,243,1110,10,g,4.92,
1441,243,1090,10,g,2.205714286,
1442,243,1092,15,g,1.235294118,
1443,243,1056,10,g,0.75,
1444,243,1114,15,g,15,
1445,244,1041,1,units,0.04,
1446,244,1110,10,g,4.92,
1447,244,1090,10,g,2.205714286,
1448,244,1092,15,g,1.235294118,
1449,244,1056,10,g,0.75,
1450,244,1115,20,g,7.84,
1451,245,1090,25,g,5.514285714,
1452,245,1092,15,g,1.235294118,
1453,245,1042,12,units,64.8,
1454,246,1090,25,g,5.514285714,
1455,246,1092,15,g,1.235294118,
1456,246,1043,6,units,33,
1457,247,1090,25,g,5.514285714,
1458,247,1092,15,g,1.235294118,
1459,247,1044,6,units,40.97142857,
1460,248,1090,25,g,5.514285714,
1461,248,1092,15,g,1.235294118,
1462,248,1045,6,units,60,
1463,249,1090,25,g,5.514285714,
1464,249,1092,15,g,1.235294118,
1465,249,1046,6,units,61.30909091,
1466,250,1090,25,g,5.514285714,
1467,250,1092,15,g,1.235294118,
1468,250,1047,6,units,18.66666667,
1469,251,1036,50,ml,1.6,
1470,251,1037,25,g,13,
1471,251,1016,20,g,1.176,
1472,252,1036,50,ml,1.6,
1473,252,1037,25,g,13,
1474,252,1016,20,g,1.176,
1475,252,1030,15,g,0.345,
1476,253,1036,50,ml,1.6,
1477,253,1037,25,g,13,
1478,253,1016,20,g,1.176,
1479,253,1035,1,g,6.5,
1480,254,1036,65,ml,2.08,
1481,254,1037,25,g,13,
1482,254,1016,20,g,1.176,
1483,255,1038,1,units,7,
1484,255,1036,65,ml,2.08,
1485,255,1016,15,g,0.882,
1486,256,1036,65,ml,2.08,
1487,256,1039,1.5,units,13.5,
1488,256,1016,25,g,1.47,
1489,257,1002,65,ml,15.6,
1490,258,1036,65,ml,2.08,
1491,258,1039,1.5,units,13.5,
1492,258,1016,15,g,0.882,
1493,258,1002,15,units,3.6,
1494,259,1036,65,ml,2.08,
1495,259,1039,1.5,units,13.5,
1496,259,1016,15,g,0.882,
1497,259,1028,4,units,1.6,
1498,260,1015,250,ml,9,
1499,260,1016,20,g,1.176,
1500,260,1040,30,ml,6.3,
1501,261,1019,10,ml,3.986666667,
1502,261,1025,100,ml,3.911111111,
1503,261,1026,2,g,0.037333333,
1504,261,1027,20,ml,4.2,
1505,261,1028,20,ml,8,
1506,262,1025,120,ml,4.693333333,
1507,262,1026,100,ml,1.866666667,
1508,262,1027,2,g,0.42,
1509,262,1028,20,ml,8,
1510,262,1020,20,ml,7.973333333,
1511,263,1025,120,ml,4.693333333,
1512,263,1026,100,ml,1.866666667,
1513,263,1027,2,g,0.42,
1514,263,1020,20,ml,7.973333333,
1515,264,1025,120,ml,4.693333333,
1516,264,1026,100,ml,1.866666667,
1517,264,1027,2,g,0.42,
1518,264,1023,20,ml,7.973333333,
1519,265,1025,120,ml,4.693333333,
1520,265,1026,100,ml,1.866666667,
1521,265,1027,2,g,0.42,
1522,265,1021,20,ml,7.973333333,
1523,266,1025,120,ml,4.693333333,
1524,266,1026,100,ml,1.866666667,
1525,266,1027,2,g,0.42,
1526,266,1022,20,ml,7.973333333,
1527,267,1025,120,ml,4.693333333,
1528,267,1026,100,ml,1.866666667,
1529,267,1027,2,g,0.42,
1530,267,1024,20,ml,7.973333333,
1531,268,1029,3,units,12,
1532,268,1028,6,units,2.4,
1533,268,1016,25,g,1.47,
1534,269,1029,3,units,12,
1535,269,1028,6,units,2.4,
1536,269,1016,25,g,1.47,
1537,269,1020,10,ml,3.986666667,
1538,270,1029,3,units,12,
1539,270,1028,6,units,2.4,
1540,270,1016,25,g,1.47,
1541,270,1030,15,g,0.345,
1542,271,1016,25,g,1.47,
1543,271,1028,4,units,1.6,
1544,271,1031,200,g,4.666666667,
1545,272,1016,25,g,1.47,
1546,272,1028,4,units,1.6,
1547,272,1032,115,g,24.61,
1548,273,1016,25,g,1.47,
1549,273,1028,4,units,1.6,
1550,273,1033,105,g,23.94,
1551,274,1016,25,g,1.47,
1552,274,1028,4,units,1.6,
1553,274,1034,100,g,30,
1554,275,1015,250,ml,9,
1555,275,1016,15,g,0.882,
1556,275,1001,50,ml,12,
1557,276,1015,250,ml,9,
1558,276,1016,15,g,0.882,
1559,276,1003,50,ml,12,
1560,276,1001,20,ml,4.8,
1561,277,1015,250,ml,9,
1562,277,1016,15,g,0.882,
1563,277,1002,50,ml,12,
1564,278,1015,250,ml,9,
1565,278,1016,15,g,0.882,
1566,278,1003,50,ml,12,
1567,279,1015,250,ml,9,
1568,279,1016,15,g,0.882,
1569,279,1004,50,ml,12,
1570,280,1015,250,ml,9,
1571,280,1016,15,g,0.882,
1572,280,1005,50,ml,12,
1573,281,1015,250,ml,9,
1574,281,1016,15,g,0.882,
1575,281,1006,50,ml,12,
1576,282,1015,250,ml,9,
1577,282,1016,15,g,0.882,
1578,282,1007,50,ml,12,
1579,283,1015,250,ml,9,
1580,283,1016,15,g,0.882,
1581,283,1008,50,ml,12,
1582,284,1015,250,ml,9,
1583,284,1016,15,g,0.882,
1584,284,1009,50,ml,12,
1585,285,1015,250,ml,9,
1586,285,1016,15,g,0.882,
1587,285,1010,50,ml,13.33333333,
1588,286,1015,250,ml,9,
1589,286,1016,15,g,0.882,
1590,286,1011,50,ml,12,
1591,287,1015,250,ml,9,
1592,287,1016,15,g,0.882,
1593,287,1012,50,ml,20,
1594,288,1015,250,ml,9,
1595,288,1016,15,g,0.882,
1596,288,1013,50,ml,20,
1597,289,1015,250,ml,9,
1598,289,1016,15,g,0.882,
1599,289,1014,50,ml,13.33333333,
1600,290,1015,250,ml,9,
1601,290,1016,15,g,0.882,
1602,290,1017,5,units,4.6,
1603,291,1015,250,ml,9,
1604,291,1016,15,g,0.882,
1605,291,1018,4,units,36,
,,,,,,
,,,,,,
,,,,,,
,,,,,,
,,,,,,
,,,,,,
,,,,,,
,,,,,,
,,,,,,
,,,,,,
,,,,,,
,,,,,,
,,,,,,
,,,,,,
,,,,,,
,,,,,,
,,,,,,
,,,,,,
,,,,,,
,,,,,,
,,,,,,
,,,,,,
,,,,,,
,,,,,,
,,,,,,
,,,,,,
,,,,,,
,,,,,,
,,,,,,
,,,,,,
,,,,,,
,,,,,,
,,,,,,
,,,,,,
,,,,,,
,,,,,,
,,,,,,
,,,,,,
,,,,,,
,,,,,,
,,,,,,
,,,,,,
,,,,,,
,,,,,,
,,,,,,
,,,,,,
,,,,,,
,,,,,,
,,,,,,
,,,,,,
,,,,,,
,,,,,,
,,,,,,
,,,,,,
,,,,,,
,,,,,,
,,,,,,
,,,,,,
,,,,,,
,,,,,,
,,,,,,
,,,,,,
,,,,,,
,,,,,,
,,,,,,
,,,,,,
,,,,,,
,,,,,,
,,,,,,
,,,,,,
,,,,,,
,,,,,,
,,,,,,
,,,,,,
,,,,,,
,,,,,,
,,,,,,
,,,,,,
,,,,,,
,,,,,,
,,,,,,
,,,,,,
,,,,,,
,,,,,,
,,,,,,
,,,,,,
,,,,,,
,,,,,,
,,,,,,
,,,,,,
,,,,,,
,,,,,,
,,,,,,
,,,,,,
,,,,,,
,,,,,,
,,,,,,
,,,,,,
,,,,,,
,,,,,,
,,,,,,
,,,,,,
,,,,,,
,,,,,,
,,,,,,
,,,,,,
,,,,,,
,,,,,,
,,,,,,
,,,,,,
,,,,,,
,,,,,,
,,,,,,
,,,,,,
,,,,,,
,,,,,,
,,,,,,
,,,,,,
,,,,,,
,,,,,,
,,,,,,
,,,,,,
,,,,,,
,,,,,,
,,,,,,
,,,,,,
,,,,,,
,,,,,,
,,,,,,
,,,,,,
,,,,,,
,,,,,,
,,,,,,
,,,,,,
,,,,,,
,,,,,,
,,,,,,
,,,,,,
,,,,,,
,,,,,,
,,,,,,
,,,,,,
,,,,,,
,,,,,,
,,,,,,
,,,,,,
,,,,,,
,,,,,,
,,,,,,
,,,,,,
,,,,,,
,,,,,,
,,,,,,
,,,,,,
,,,,,,
,,,,,,
,,,,,,
,,,,,,
,,,,,,
,,,,,,
,,,,,,
,,,,,,
,,,,,,
,,,,,,
,,,,,,
,,,,,,
,,,,,,
,,,,,,
,,,,,,
,,,,,,
,,,,,,
,,,,,,
,,,,,,
,,,,,,
,,,,,,
,,,,,,
,,,,,,
,,,,,,
,,,,,,
,,,,,,
,,,,,,
,,,,,,
,,,,,,
,,,,,,
,,,,,,
,,,,,,
,,,,,,
,,,,,,
,,,,,,
,,,,,,
,,,,,,
,,,,,,
,,,,,,
,,,,,,
,,,,,,
,,,,,,
,,,,,,
,,,,,,
,,,,,,
,,,,,,
,,,,,,
,,,,,,
,,,,,,
,,,,,,
,,,,,,
,,,,,,
,,,,,,
,,,,,,
,,,,,,
,,,,,,
,,,,,,
,,,,,,
,,,,,,
,,,,,,
,,,,,,
,,,,,,
,,,,,,
,,,,,,
,,,,,,
,,,,,,
,,,,,,
,,,,,,
,,,,,,
,,,,,,
,,,,,,
,,,,,,
,,,,,,
,,,,,,
,,,,,,
,,,,,,
,,,,,,
,,,,,,
,,,,,,
,,,,,,
,,,,,,
,,,,,,
,,,,,,
,,,,,,
,,,,,,
,,,,,,
,,,,,,
,,,,,,
,,,,,,
,,,,,,
,,,,,,
,,,,,,
,,,,,,
,,,,,,
,,,,,,
,,,,,,
,,,,,,
,,,,,,
,,,,,,
,,,,,,
,,,,,,
,,,,,,
,,,,,,
,,,,,,
,,,,,,
,,,,,,
,,,,,,
,,,,,,
,,,,,,
,,,,,,
,,,,,,
,,,,,,
,,,,,,
,,,,,,
,,,,,,
,,,,,,
,,,,,,
,,,,,,
,,,,,,
,,,,,,
,,,,,,
,,,,,,
,,,,,,
,,,,,,
,,,,,,
,,,,,,
,,,,,,
,,,,,,
,,,,,,
,,,,,,
,,,,,,
,,,,,,
,,,,,,
,,,,,,
,,,,,,
,,,,,,
,,,,,,
,,,,,,
,,,,,,
,,,,,,
,,,,,,
,,,,,,
,,,,,,
,,,,,,
,,,,,,
,,,,,,
,,,,,,
,,,,,,
,,,,,,
,,,,,,
,,,,,,
,,,,,,
,,,,,,
,,,,,,
,,,,,,
,,,,,,
,,,,,,
,,,,,,
,,,,,,
,,,,,,
,,,,,,
,,,,,,
,,,,,,
,,,,,,
,,,,,,
,,,,,,
,,,,,,
,,,,,,
,,,,,,
,,,,,,
,,,,,,
,,,,,,
,,,,,,
,,,,,,
,,,,,,
,,,,,,
,,,,,,
,,,,,,
,,,,,,
,,,,,,
,,,,,,
,,,,,,
,,,,,,
,,,,,,
,,,,,,
,,,,,,
,,,,,,
,,,,,,
,,,,,,
,,,,,,
,,,,,,
,,,,,,
,,,,,,
,,,,,,
,,,,,,
,,,,,,
,,,,,,
,,,,,,
,,,,,,
,,,,,,
,,,,,,
,,,,,,
,,,,,,
,,,,,,
,,,,,,
,,,,,,
,,,,,,
,,,,,,
,,,,,,
,,,,,,
,,,,,,
,,,,,,
,,,,,,
,,,,,,
,,,,,,
,,,,,,
,,,,,,
,,,,,,
,,,,,,
,,,,,,
,,,,,,
,,,,,,
,,,,,,
,,,,,,
,,,,,,
,,,,,,
,,,,,,
,,,,,,
,,,,,,
,,,,,,
,,,,,,
,,,,,,
,,,,,,
,,,,,,
,,,,,,
,,,,,,
,,,,,,
,,,,,,
,,,,,,
,,,,,,
,,,,,,
,,,,,,
,,,,,,
,,,,,,
,,,,,,
,,,,,,
,,,,,,
,,,,,,
,,,,,,
,,,,,,
,,,,,,
,,,,,,
,,,,,,
,,,,,,
,,,,,,
,,,,,,
,,,,,,
,,,,,,
,,,,,,
,,,,,,
,,,,,,
,,,,,,
,,,,,,
,,,,,,
,,,,,,
,,,,,,
,,,,,,
,,,,,,
,,,,,,
,,,,,,
,,,,,,
,,,,,,
,,,,,,
,,,,,,
,,,,,,
,,,,,,
,,,,,,
,,,,,,
,,,,,,
,,,,,,
,,,,,,
,,,,,,
,,,,,,
,,,,,,
,,,,,,
,,,,,,
,,,,,,
,,,,,,
,,,,,,
,,,,,,
,,,,,,
,,,,,,
,,,,,,
,,,,,,
,,,,,,
,,,,,,
,,,,,,
,,,,,,
,,,,,,
,,,,,,
,,,,,,
,,,,,,
,,,,,,
,,,,,,
,,,,,,
,,,,,,
,,,,,,
,,,,,,
,,,,,,
,,,,,,
,,,,,,
,,,,,,
,,,,,,
,,,,,,
,,,,,,
,,,,,,
,,,,,,
,,,,,,
,,,,,,
,,,,,,
,,,,,,
,,,,,,
,,,,,,
,,,,,,
,,,,,,
,,,,,,
,,,,,,
,,,,,,
,,,,,,
,,,,,,
,,,,,,
,,,,,,
,,,,,,
,,,,,,
,,,,,,
,,,,,,
,,,,,,
,,,,,,
,,,,,,
,,,,,,
,,,,,,
,,,,,,
,,,,,,
,,,,,,
,,,,,,
,,,,,,
,,,,,,
,,,,,,
,,,,,,
,,,,,,
,,,,,,
,,,,,,
,,,,,,
,,,,,,
,,,,,,
,,,,,,
,,,,,,
,,,,,,
,,,,,,
,,,,,,
,,,,,,
,,,,,,
,,,,,,
,,,,,,
,,,,,,
,,,,,,
,,,,,,
,,,,,,
,,,,,,
,,,,,,
,,,,,,
,,,,,,
,,,,,,
,,,,,,
,,,,,,
,,,,,,
,,,,,,
,,,,,,
,,,,,,
,,,,,,
,,,,,,
,,,,,,
,,,,,,
,,,,,,
,,,,,,
,,,,,,
,,,,,,
,,,,,,
,,,,,,
,,,,,,
,,,,,,
,,,,,,
,,,,,,
,,,,,,
,,,,,,
,,,,,,
,,,,,,
,,,,,,
,,,,,,
,,,,,,
,,,,,,
,,,,,,
,,,,,,
,,,,,,
,,,,,,
,,,,,,
,,,,,,
,,,,,,
,,,,,,
,,,,,,
,,,,,,
,,,,,,
,,,,,,
,,,,,,
,,,,,,
,,,,,,
,,,,,,
,,,,,,
,,,,,,
,,,,,,
,,,,,,
,,,,,,
,,,,,,
,,,,,,
,,,,,,
,,,,,,
,,,,,,
,,,,,,
,,,,,,
,,,,,,
,,,,,,
,,,,,,
,,,,,,
,,,,,,
,,,,,,
,,,,,,
,,,,,,
,,,,,,
,,,,,,
,,,,,,
,,,,,,
,,,,,,
,,,,,,
,,,,,,
,,,,,,
,,,,,,
,,,,,,
,,,,,,
,,,,,,
,,,,,,
,,,,,,
,,,,,,
,,,,,,
,,,,,,
,,,,,,
,,,,,,
,,,,,,
,,,,,,
,,,,,,
,,,,,,
,,,,,,
,,,,,,
,,,,,,
,,,,,,
,,,,,,
,,,,,,
,,,,,,
,,,,,,
,,,,,,
,,,,,,
,,,,,,
,,,,,,
,,,,,,
,,,,,,
,,,,,,
,,,,,,
,,,,,,
,,,,,,
,,,,,,
,,,,,,
,,,,,,
,,,,,,
,,,,,,
,,,,,,
,,,,,,
,,,,,,
,,,,,,
,,,,,,
,,,,,,
,,,,,,
,,,,,,
,,,,,,
,,,,,,
,,,,,,
,,,,,,
,,,,,,
,,,,,,
,,,,,,
,,,,,,
,,,,,,
,,,,,,
,,,,,,
,,,,,,
,,,,,,
,,,,,,
,,,,,,
,,,,,,
,,,,,,
,,,,,,
,,,,,,
,,,,,,
,,,,,,
,,,,,,
,,,,,,
,,,,,,
,,,,,,
,,,,,,
,,,,,,
,,,,,,
,,,,,,
,,,,,,
,,,,,,
,,,,,,
,,,,,,
,,,,,,
,,,,,,
,,,,,,
,,,,,,
,,,,,,
,,,,,,
,,,,,,
,,,,,,
,,,,,,
,,,,,,
,,,,,,
,,,,,,
,,,,,,
,,,,,,
,,,,,,
,,,,,,
,,,,,,
,,,,,,
,,,,,,
,,,,,,
,,,,,,
,,,,,,
,,,,,,
,,,,,,
,,,,,,
,,,,,,
,,,,,,
,,,,,,
,,,,,,
,,,,,,
,,,,,,
,,,,,,
,,,,,,
,,,,,,
,,,,,,
,,,,,,
,,,,,,
,,,,,,
,,,,,,
,,,,,,
,,,,,,
,,,,,,
,,,,,,
,,,,,,
,,,,,,
,,,,,,
,,,,,,
,,,,,,
,,,,,,
,,,,,,
,,,,,,
,,,,,,
,,,,,,
,,,,,,
,,,,,,
,,,,,,
,,,,,,
,,,,,,
,,,,,,
,,,,,,
,,,,,,
,,,,,,
,,,,,,
,,,,,,
,,,,,,
,,,,,,
,,,,,,
,,,,,,
,,,,,,
,,,,,,
,,,,,,
,,,,,,
,,,,,,
,,,,,,
,,,,,,
,,,,,,
,,,,,,
,,,,,,
,,,,,,
,,,,,,
,,,,,,
,,,,,,
,,,,,,
,,,,,,
,,,,,,
,,,,,,
,,,,,,
,,,,,,
,,,,,,
,,,,,,
,,,,,,
,,,,,,
,,,,,,
,,,,,,
,,,,,,
,,,,,,
,,,,,,
,,,,,,
,,,,,,
,,,,,,
,,,,,,
,,,,,,
,,,,,,
,,,,,,
,,,,,,
,,,,,,
,,,,,,
,,,,,,
,,,,,,
,,,,,,
,,,,,,
,,,,,,
,,,,,,
,,,,,,
,,,,,,
,,,,,,
,,,,,,
,,,,,,
,,,,,,
,,,,,,
,,,,,,
,,,,,,
,,,,,,
,,,,,,
,,,,,,
,,,,,,
,,,,,,
,,,,,,
,,,,,,
,,,,,,
,,,,,,
,,,,,,
,,,,,,
,,,,,,
,,,,,,
,,,,,,
,,,,,,
,,,,,,
,,,,,,
,,,,,,
,,,,,,
,,,,,,
,,,,,,
,,,,,,
,,,,,,
,,,,,,
,,,,,,
,,,,,,
,,,,,,
,,,,,,
,,,,,,
,,,,,,
,,,,,,
,,,,,,
,,,,,,
,,,,,,
,,,,,,
,,,,,,
,,,,,,
,,,,,,
,,,,,,
,,,,,,
,,,,,,
,,,,,,
,,,,,,
,,,,,,
,,,,,,
,,,,,,
,,,,,,
,,,,,,
,,,,,,
,,,,,,
,,,,,,
,,,,,,
,,,,,,
,,,,,,
,,,,,,
,,,,,,
,,,,,,
,,,,,,
,,,,,,
,,,,,,
,,,,,,
,,,,,,
,,,,,,
,,,,,,
,,,,,,
,,,,,,
,,,,,,
,,,,,,
,,,,,,
,,,,,,
,,,,,,
,,,,,,
,,,,,,
,,,,,,
,,,,,,
,,,,,,
,,,,,,
,,,,,,
,,,,,,
,,,,,,
,,,,,,
,,,,,,
,,,,,,
,,,,,,
,,,,,,
,,,,,,
,,,,,,
,,,,,,
,,,,,,
,,,,,,
,,,,,,
,,,,,,
,,,,,,
,,,,,,
,,,,,,
,,,,,,
,,,,,,
,,,,,,
,,,,,,
,,,,,,
,,,,,,
,,,,,,
,,,,,,
,,,,,,
,,,,,,
,,,,,,
,,,,,,
,,,,,,
,,,,,,
,,,,,,
,,,,,,
,,,,,,
,,,,,,
,,,,,,
,,,,,,
,,,,,,
,,,,,,
,,,,,,
,,,,,,
,,,,,,
,,,,,,
,,,,,,
,,,,,,
,,,,,,
,,,,,,
,,,,,,
,,,,,,
,,,,,,
,,,,,,
,,,,,,
,,,,,,
,,,,,,
,,,,,,
,,,,,,
,,,,,,
,,,,,,
,,,,,,
,,,,,,
,,,,,,
,,,,,,
,,,,,,
,,,,,,
,,,,,,
,,,,,,
,,,,,,
,,,,,,
,,,,,,
,,,,,,
,,,,,,
,,,,,,
,,,,,,
,,,,,,
,,,,,,
,,,,,,
,,,,,,
,,,,,,
,,,,,,
,,,,,,
,,,,,,
,,,,,,
,,,,,,
,,,,,,
,,,,,,
,,,,,,
,,,,,,
,,,,,,
,,,,,,
,,,,,,
,,,,,,
,,,,,,
,,,,,,
,,,,,,
,,,,,,
,,,,,,
,,,,,,
,,,,,,
,,,,,,
,,,,,,
,,,,,,
,,,,,,
,,,,,,
,,,,,,
,,,,,,
,,,,,,
,,,,,,
,,,,,,
,,,,,,
,,,,,,
,,,,,,
,,,,,,
,,,,,,
,,,,,,
,,,,,,
,,,,,,
,,,,,,
,,,,,,
,,,,,,
,,,,,,
,,,,,,
,,,,,,
,,,,,,
,,,,,,
,,,,,,
,,,,,,
,,,,,,
,,,,,,
,,,,,,
,,,,,,
,,,,,,
,,,,,,
,,,,,,
,,,,,,
,,,,,,
,,,,,,
,,,,,,
,,,,,,
,,,,,,
,,,,,,
,,,,,,
,,,,,,
,,,,,,
,,,,,,
,,,,,,
,,,,,,
,,,,,,
,,,,,,
,,,,,,
,,,,,,
,,,,,,
,,,,,,
,,,,,,
,,,,,,
,,,,,,
,,,,,,
,,,,,,
,,,,,,
,,,,,,
,,,,,,
,,,,,,
,,,,,,
,,,,,,
,,,,,,
,,,,,,
,,,,,,
,,,,,,
,,,,,,
,,,,,,
,,,,,,
,,,,,,
,,,,,,
,,,,,,
,,,,,,
,,,,,,
,,,,,,
,,,,,,
,,,,,,
,,,,,,
,,,,,,
,,,,,,
,,,,,,
,,,,,,
,,,,,,
,,,,,,
,,,,,,
,,,,,,
,,,,,,
,,,,,,
,,,,,,
,,,,,,
,,,,,,
,,,,,,
,,,,,,
,,,,,,
,,,,,,
,,,,,,
,,,,,,
,,,,,,
,,,,,,
,,,,,,
,,,,,,
,,,,,,
,,,,,,
,,,,,,
,,,,,,
,,,,,,
,,,,,,
,,,,,,
,,,,,,
,,,,,,
,,,,,,
,,,,,,
,,,,,,
,,,,,,
,,,,,,
,,,,,,
,,,,,,
,,,,,,
,,,,,,
,,,,,,
,,,,,,
,,,,,,
,,,,,,
,,,,,,
,,,,,,
,,,,,,
,,,,,,
,,,,,,
,,,,,,
,,,,,,
,,,,,,
,,,,,,
,,,,,,
,,,,,,
,,,,,,
,,,,,,
,,,,,,
,,,,,,
,,,,,,
,,,,,,
,,,,,,
,,,,,,
,,,,,,
,,,,,,
,,,,,,
,,,,,,
,,,,,,
,,,,,,
,,,,,,
,,,,,,
,,,,,,
,,,,,,
,,,,,,
,,,,,,
,,,,,,
,,,,,,
,,,,,,
,,,,,,
,,,,,,
,,,,,,
,,,,,,
,,,,,,
,,,,,,
,,,,,,
,,,,,,
,,,,,,
,,,,,,
,,,,,,
,,,,,,
,,,,,,
,,,,,,
,,,,,,
,,,,,,
,,,,,,
,,,,,,
,,,,,,
,,,,,,
,,,,,,
,,,,,,
,,,,,,
,,,,,,
,,,,,,
,,,,,,
,,,,,,
,,,,,,
,,,,,,
,,,,,,
,,,,,,
,,,,,,
,,,,,,
,,,,,,
,,,,,,
,,,,,,
,,,,,,
,,,,,,
,,,,,,
,,,,,,
,,,,,,
,,,,,,
,,,,,,
,,,,,,
,,,,,,
,,,,,,
,,,,,,
,,,,,,
,,,,,,
,,,,,,
,,,,,,
,,,,,,
,,,,,,
,,,,,,
,,,,,,
,,,,,,
,,,,,,
,,,,,,
,,,,,,
,,,,,,
,,,,,,
,,,,,,
,,,,,,
,,,,,,
,,,,,,
,,,,,,
,,,,,,
,,,,,,
,,,,,,
,,,,,,
,,,,,,
,,,,,,
,,,,,,
,,,,,,
,,,,,,
,,,,,,
,,,,,,
,,,,,,
,,,,,,
,,,,,,
,,,,,,
,,,,,,
,,,,,,
,,,,,,
,,,,,,
,,,,,,
,,,,,,
,,,,,,
,,,,,,
,,,,,,
,,,,,,
,,,,,,
,,,,,,
,,,,,,
,,,,,,
,,,,,,
,,,,,,
,,,,,,
,,,,,,
,,,,,,
,,,,,,
,,,,,,
,,,,,,
,,,,,,
,,,,,,
,,,,,,
,,,,,,
,,,,,,
,,,,,,
,,,,,,
,,,,,,
,,,,,,
,,,,,,
,,,,,,
,,,,,,
,,,,,,
,,,,,,
,,,,,,
,,,,,,
,,,,,,
,,,,,,
,,,,,,
,,,,,,
,,,,,,
,,,,,,
,,,,,,
,,,,,,
,,,,,,
,,,,,,
,,,,,,
,,,,,,
,,,,,,
,,,,,,
,,,,,,
,,,,,,
,,,,,,
,,,,,,
,,,,,,
,,,,,,
,,,,,,
,,,,,,
,,,,,,
,,,,,,
,,,,,,
,,,,,,
,,,,,,
,,,,,,
,,,,,,
,,,,,,
,,,,,,
,,,,,,
,,,,,,
,,,,,,
,,,,,,
,,,,,,
,,,,,,
,,,,,,
,,,,,,
,,,,,,
,,,,,,
,,,,,,
,,,,,,
,,,,,,
,,,,,,
,,,,,,
,,,,,,
,,,,,,
,,,,,,
,,,,,,
,,,,,,
,,,,,,
,,,,,,
,,,,,,
,,,,,,
,,,,,,
,,,,,,
,,,,,,
,,,,,,
,,,,,,
,,,,,,
,,,,,,
,,,,,,
,,,,,,
,,,,,,
,,,,,,
,,,,,,
,,,,,,
,,,,,,
,,,,,,
,,,,,,
,,,,,,
,,,,,,
,,,,,,
,,,,,,
,,,,,,
,,,,,,
,,,,,,
,,,,,,
,,,,,,
,,,,,,
,,,,,,
,,,,,,
,,,,,,
,,,,,,
,,,,,,
,,,,,,
,,,,,,
,,,,,,
,,,,,,
,,,,,,
,,,,,,
,,,,,,
,,,,,,
,,,,,,
,,,,,,
,,,,,,
,,,,,,
,,,,,,
,,,,,,
,,,,,,
,,,,,,
,,,,,,
,,,,,,
,,,,,,
,,,,,,
,,,,,,
,,,,,,
,,,,,,
,,,,,,
,,,,,,
,,,,,,
,,,,,,
,,,,,,
,,,,,,
,,,,,,
,,,,,,
,,,,,,
,,,,,,
,,,,,,
,,,,,,
,,,,,,
,,,,,,
,,,,,,
,,,,,,
,,,,,,
,,,,,,
,,,,,,
,,,,,,
,,,,,,
,,,,,,
,,,,,,
,,,,,,
,,,,,,
,,,,,,
,,,,,,
,,,,,,
,,,,,,
,,,,,,
,,,,,,
,,,,,,
,,,,,,
,,,,,,
,,,,,,
,,,,,,
,,,,,,
,,,,,,
,,,,,,
,,,,,,
,,,,,,
,,,,,,
,,,,,,
,,,,,,
,,,,,,
,,,,,,
,,,,,,
,,,,,,
,,,,,,
,,,,,,
,,,,,,
,,,,,,
,,,,,,
,,,,,,
,,,,,,
,,,,,,
,,,,,,
,,,,,,
,,,,,,
,,,,,,
,,,,,,
,,,,,,
,,,,,,
,,,,,,
,,,,,,
,,,,,,
,,,,,,
,,,,,,
,,,,,,
,,,,,,
,,,,,,
,,,,,,
,,,,,,
,,,,,,
,,,,,,
,,,,,,
,,,,,,
,,,,,,
,,,,,,
,,,,,,
,,,,,,
,,,,,,
,,,,,,
,,,,,,
,,,,,,
,,,,,,
,,,,,,
,,,,,,
,,,,,,
,,,,,,
,,,,,,
,,,,,,
,,,,,,
,,,,,,
,,,,,,
,,,,,,
,,,,,,
,,,,,,
,,,,,,
,,,,,,
,,,,,,
,,,,,,
,,,,,,
,,,,,,
,,,,,,
,,,,,,
,,,,,,
,,,,,,
,,,,,,
,,,,,,
,,,,,,
,,,,,,
,,,,,,
,,,,,,
,,,,,,
,,,,,,
,,,,,,
,,,,,,
,,,,,,
,,,,,,
,,,,,,
,,,,,,
,,,,,,
,,,,,,
,,,,,,
,,,,,,
,,,,,,
,,,,,,
,,,,,,
,,,,,,
,,,,,,
,,,,,,
,,,,,,
,,,,,,
,,,,,,
,,,,,,
,,,,,,
,,,,,,
,,,,,,
,,,,,,
,,,,,,
,,,,,,
,,,,,,
,,,,,,
,,,,,,
,,,,,,
,,,,,,
,,,,,,
,,,,,,
,,,,,,
,,,,,,
,,,,,,
,,,,,,
,,,,,,
,,,,,,
,,,,,,
,,,,,,
,,,,,,
,,,,,,
,,,,,,
,,,,,,
,,,,,,
,,,,,,
,,,,,,
,,,,,,
,,,,,,
,,,,,,
,,,,,,
,,,,,,
,,,,,,
,,,,,,
,,,,,,
,,,,,,
,,,,,,
,,,,,,
,,,,,,
,,,,,,
,,,,,,
,,,,,,
,,,,,,
,,,,,,
,,,,,,
,,,,,,
,,,,,,
,,,,,,
,,,,,,
,,,,,,
,,,,,,
,,,,,,
,,,,,,
,,,,,,
,,,,,,
,,,,,,
,,,,,,
,,,,,,
,,,,,,
,,,,,,
,,,,,,
,,,,,,
,,,,,,
,,,,,,
,,,,,,
,,,,,,
,,,,,,
,,,,,,
,,,,,,
,,,,,,
,,,,,,
,,,,,,
,,,,,,
,,,,,,
,,,,,,
,,,,,,
,,,,,,
,,,,,,
,,,,,,
,,,,,,
,,,,,,
,,,,,,
,,,,,,
,,,,,,
,,,,,,
,,,,,,
,,,,,,
,,,,,,
,,,,,,
,,,,,,
,,,,,,
,,,,,,
,,,,,,
,,,,,,
,,,,,,
,,,,,,
,,,,,,
,,,,,,
,,,,,,
,,,,,,
,,,,,,
,,,,,,
,,,,,,
,,,,,,
,,,,,,
,,,,,,
,,,,,,
,,,,,,
,,,,,,
,,,,,,
,,,,,,
,,,,,,
,,,,,,
,,,,,,
,,,,,,
,,,,,,
,,,,,,
,,,,,,
,,,,,,
,,,,,,
,,,,,,
,,,,,,
,,,,,,
,,,,,,
,,,,,,
,,,,,,
,,,,,,
,,,,,,
,,,,,,
,,,,,,
,,,,,,
,,,,,,
,,,,,,
,,,,,,
,,,,,,
,,,,,,
,,,,,,
,,,,,,
,,,,,,
,,,,,,
,,,,,,
,,,,,,
,,,,,,
,,,,,,
,,,,,,
,,,,,,
,,,,,,
,,,,,,
,,,,,,
,,,,,,
,,,,,,
,,,,,,
,,,,,,
,,,,,,
,,,,,,
,,,,,,
,,,,,,
,,,,,,
,,,,,,
,,,,,,
,,,,,,
,,,,,,
,,,,,,
,,,,,,
,,,,,,
,,,,,,
,,,,,,
,,,,,,
,,,,,,
,,,,,,
,,,,,,
,,,,,,
,,,,,,
,,,,,,
,,,,,,
,,,,,,
,,,,,,
,,,,,,
,,,,,,
,,,,,,
,,,,,,
,,,,,,
,,,,,,
,,,,,,
,,,,,,
,,,,,,
,,,,,,
,,,,,,
,,,,,,
,,,,,,
,,,,,,
,,,,,,
,,,,,,
,,,,,,
,,,,,,
,,,,,,
,,,,,,
,,,,,,
,,,,,,
,,,,,,
,,,,,,
,,,,,,
,,,,,,
,,,,,,
,,,,,,
,,,,,,
,,,,,,
,,,,,,
,,,,,,
,,,,,,
,,,,,,
,,,,,,
,,,,,,
,,,,,,
,,,,,,
,,,,,,
,,,,,,
,,,,,,
,,,,,,
,,,,,,
,,,,,,
,,,,,,
,,,,,,
,,,,,,
,,,,,,
,,,,,,
,,,,,,
,,,,,,
,,,,,,
,,,,,,
,,,,,,
,,,,,,
,,,,,,
,,,,,,
,,,,,,
,,,,,,
,,,,,,
,,,,,,
,,,,,,
,,,,,,
,,,,,,
,,,,,,
,,,,,,
,,,,,,
,,,,,,
,,,,,,
,,,,,,
,,,,,,
,,,,,,
,,,,,,
,,,,,,
,,,,,,
,,,,,,
,,,,,,
,,,,,,
,,,,,,
,,,,,,
,,,,,,
,,,,,,
,,,,,,
,,,,,,
,,,,,,
,,,,,,
,,,,,,
,,,,,,
,,,,,,
,,,,,,
,,,,,,
,,,,,,
,,,,,,
,,,,,,
,,,,,,
,,,,,,
,,,,,,
,,,,,,
,,,,,,
,,,,,,
,,,,,,
,,,,,,
,,,,,,
,,,,,,
,,,,,,
,,,,,,
,,,,,,
,,,,,,
,,,,,,
,,,,,,
,,,,,,
,,,,,,
,,,,,,
,,,,,,
,,,,,,
,,,,,,
,,,,,,
,,,,,,
,,,,,,
,,,,,,
,,,,,,
,,,,,,
,,,,,,
,,,,,,
,,,,,,
,,,,,,
,,,,,,
,,,,,,
,,,,,,
,,,,,,
,,,,,,
,,,,,,
,,,,,,
,,,,,,
,,,,,,
,,,,,,
,,,,,,
,,,,,,
,,,,,,
,,,,,,
,,,,,,
,,,,,,
,,,,,,
,,,,,,
,,,,,,
,,,,,,
,,,,,,
,,,,,,
,,,,,,
,,,,,,
,,,,,,
,,,,,,
,,,,,,
,,,,,,
,,,,,,
,,,,,,
,,,,,,
,,,,,,
,,,,,,
,,,,,,
,,,,,,
,,,,,,
,,,,,,
,,,,,,
,,,,,,
,,,,,,
,,,,,,
,,,,,,
,,,,,,
,,,,,,
,,,,,,
,,,,,,
,,,,,,
,,,,,,
,,,,,,
,,,,,,
,,,,,,
,,,,,,
,,,,,,
,,,,,,
,,,,,,
,,,,,,
,,,,,,
,,,,,,
,,,,,,
,,,,,,
,,,,,,
,,,,,,
,,,,,,
,,,,,,
,,,,,,
,,,,,,
,,,,,,
,,,,,,
,,,,,,
,,,,,,
,,,,,,
,,,,,,
,,,,,,
,,,,,,
,,,,,,
,,,,,,
,,,,,,
,,,,,,
,,,,,,
,,,,,,
,,,,,,
,,,,,,
,,,,,,
,,,,,,
,,,,,,
,,,,,,
,,,,,,
,,,,,,
,,,,,,
,,,,,,
,,,,,,
,,,,,,
,,,,,,
,,,,,,
,,,,,,
,,,,,,
,,,,,,
,,,,,,
,,,,,,
,,,,,,
,,,,,,
,,,,,,
,,,,,,
,,,,,,
,,,,,,
,,,,,,
,,,,,,
,,,,,,
,,,,,,
,,,,,,
,,,,,,
,,,,,,
,,,,,,
,,,,,,
,,,,,,
,,,,,,
,,,,,,
,,,,,,
,,,,,,
,,,,,,
,,,,,,
,,,,,,
,,,,,,
,,,,,,
,,,,,,
,,,,,,
,,,,,,
,,,,,,
,,,,,,
,,,,,,
,,,,,,
,,,,,,
,,,,,,
,,,,,,
,,,,,,
,,,,,,
,,,,,,
,,,,,,
,,,,,,
,,,,,,
,,,,,,
,,,,,,
,,,,,,
,,,,,,
,,,,,,
,,,,,,
,,,,,,
,,,,,,
,,,,,,
,,,,,,
,,,,,,
,,,,,,
,,,,,,
,,,,,,
,,,,,,
,,,,,,
,,,,,,
,,,,,,
,,,,,,
,,,,,,
,,,,,,
,,,,,,
,,,,,,
,,,,,,
,,,,,,
,,,,,,
,,,,,,
,,,,,,
,,,,,,
,,,,,,
,,,,,,
,,,,,,
,,,,,,
,,,,,,
,,,,,,
,,,,,,
,,,,,,
,,,,,,
,,,,,,
,,,,,,
,,,,,,
,,,,,,
,,,,,,
,,,,,,
,,,,,,
,,,,,,
,,,,,,
,,,,,,
,,,,,,
,,,,,,
,,,,,,
,,,,,,
,,,,,,
,,,,,,
,,,,,,
,,,,,,
,,,,,,
,,,,,,
,,,,,,
,,,,,,
,,,,,,
,,,,,,
,,,,,,
,,,,,,
,,,,,,
,,,,,,
,,,,,,
,,,,,,
,,,,,,
,,,,,,
,,,,,,
,,,,,,
,,,,,,
,,,,,,
,,,,,,
,,,,,,
,,,,,,
,,,,,,
,,,,,,
,,,,,,
,,,,,,
,,,,,,
,,,,,,
,,,,,,
,,,,,,
,,,,,,
,,,,,,
,,,,,,
,,,,,,
,,,,,,
,,,,,,
,,,,,,
,,,,,,
,,,,,,
,,,,,,
,,,,,,
,,,,,,
,,,,,,
,,,,,,
,,,,,,
,,,,,,
,,,,,,
,,,,,,
,,,,,,
,,,,,,
,,,,,,
,,,,,,
,,,,,,
,,,,,,
,,,,,,
,,,,,,
,,,,,,
,,,,,,
,,,,,,
,,,,,,
,,,,,,
,,,,,,
,,,,,,
,,,,,,
,,,,,,
,,,,,,
,,,,,,
,,,,,,
,,,,,,
,,,,,,
,,,,,,
,,,,,,
,,,,,,
,,,,,,
,,,,,,
,,,,,,
,,,,,,
,,,,,,
,,,,,,
,,,,,,
,,,,,,
,,,,,,
,,,,,,
,,,,,,
,,,,,,
,,,,,,
,,,,,,
,,,,,,
,,,,,,
,,,,,,
,,,,,,
,,,,,,
,,,,,,
,,,,,,
,,,,,,
,,,,,,
,,,,,,
,,,,,,
,,,,,,
,,,,,,
,,,,,,
,,,,,,
,,,,,,
,,,,,,
,,,,,,
,,,,,,
,,,,,,
,,,,,,
,,,,,,
,,,,,,
,,,,,,
,,,,,,
,,,,,,
,,,,,,
,,,,,,
,,,,,,
,,,,,,
,,,,,,
,,,,,,
,,,,,,
,,,,,,
,,,,,,
,,,,,,
,,,,,,
,,,,,,
,,,,,,
,,,,,,
,,,,,,
,,,,,,
,,,,,,
,,,,,,
,,,,,,
,,,,,,
,,,,,,
,,,,,,
,,,,,,
,,,,,,
,,,,,,
,,,,,,
,,,,,,
,,,,,,
,,,,,,
,,,,,,
,,,,,,
,,,,,,
,,,,,,
,,,,,,
,,,,,,
,,,,,,
,,,,,,
,,,,,,
,,,,,,
,,,,,,
,,,,,,
,,,,,,
,,,,,,
,,,,,,
,,,,,,
,,,,,,
,,,,,,
,,,,,,
,,,,,,
,,,,,,
,,,,,,
,,,,,,
,,,,,,
,,,,,,
,,,,,,
,,,,,,
,,,,,,
,,,,,,
,,,,,,
,,,,,,
,,,,,,
,,,,,,
,,,,,,
,,,,,,
,,,,,,
,,,,,,
,,,,,,
,,,,,,
,,,,,,
,,,,,,
,,,,,,
,,,,,,
,,,,,,
,,,,,,
,,,,,,
,,,,,,
,,,,,,
,,,,,,
,,,,,,
,,,,,,
,,,,,,
,,,,,,
,,,,,,
,,,,,,
,,,,,,
,,,,,,
,,,,,,
,,,,,,
,,,,,,
,,,,,,
,,,,,,
,,,,,,
,,,,,,
,,,,,,
,,,,,,
,,,,,,
,,,,,,
,,,,,,
,,,,,,
,,,,,,
,,,,,,
,,,,,,
,,,,,,
,,,,,,
,,,,,,
,,,,,,
,,,,,,
,,,,,,
,,,,,,
,,,,,,
,,,,,,
,,,,,,
,,,,,,
,,,,,,
,,,,,,
,,,,,,
,,,,,,
,,,,,,
,,,,,,
,,,,,,
,,,,,,
,,,,,,
,,,,,,
,,,,,,
,,,,,,
,,,,,,
,,,,,,
,,,,,,
,,,,,,
,,,,,,
,,,,,,
,,,,,,
,,,,,,
,,,,,,
,,,,,,
,,,,,,
,,,,,,
,,,,,,
,,,,,,
,,,,,,
,,,,,,
,,,,,,
,,,,,,
,,,,,,
,,,,,,
,,,,,,
,,,,,,
,,,,,,
,,,,,,
,,,,,,
,,,,,,
,,,,,,
,,,,,,
,,,,,,
,,,,,,
,,,,,,
,,,,,,
,,,,,,
,,,,,,
,,,,,,
,,,,,,
,,,,,,
,,,,,,
,,,,,,
,,,,,,
,,,,,,
,,,,,,
,,,,,,
,,,,,,
,,,,,,
,,,,,,
,,,,,,
,,,,,,
,,,,,,
,,,,,,
,,,,,,
,,,,,,
,,,,,,
,,,,,,
,,,,,,
,,,,,,
,,,,,,
,,,,,,
,,,,,,
,,,,,,
,,,,,,
,,,,,,
,,,,,,
,,,,,,
,,,,,,
,,,,,,
,,,,,,
,,,,,,
,,,,,,
,,,,,,
,,,,,,
,,,,,,
,,,,,,
,,,,,,
,,,,,,
,,,,,,
,,,,,,
,,,,,,
,,,,,,
,,,,,,
,,,,,,
,,,,,,
,,,,,,
,,,,,,
,,,,,,
,,,,,,
,,,,,,
,,,,,,
,,,,,,
,,,,,,
,,,,,,
,,,,,,
,,,,,,
,,,,,,
,,,,,,
,,,,,,
,,,,,,
,,,,,,
,,,,,,
,,,,,,
,,,,,,
,,,,,,
,,,,,,
,,,,,,
,,,,,,
,,,,,,
,,,,,,
,,,,,,
,,,,,,
,,,,,,
,,,,,,
,,,,,,
,,,,,,
,,,,,,
,,,,,,
,,,,,,
,,,,,,
,,,,,,
,,,,,,
,,,,,,
,,,,,,
,,,,,,
,,,,,,
,,,,,,
,,,,,,
,,,,,,
,,,,,,
,,,,,,
,,,,,,
,,,,,,
,,,,,,
,,,,,,
,,,,,,
,,,,,,
,,,,,,
,,,,,,
,,,,,,
,,,,,,
,,,,,,
,,,,,,
,,,,,,
,,,,,,
,,,,,,
,,,,,,
,,,,,,
,,,,,,
,,,,,,
,,,,,,
,,,,,,
,,,,,,
,,,,,,
,,,,,,
,,,,,,
,,,,,,
,,,,,,
,,,,,,
,,,,,,
,,,,,,
,,,,,,
,,,,,,
,,,,,,
,,,,,,
,,,,,,
,,,,,,
,,,,,,
,,,,,,
,,,,,,
,,,,,,
,,,,,,
,,,,,,
,,,,,,
,,,,,,
,,,,,,
,,,,,,
,,,,,,
,,,,,,
,,,,,,
,,,,,,
,,,,,,
,,,,,,
,,,,,,
,,,,,,
,,,,,,
,,,,,,
,,,,,,
,,,,,,
,,,,,,
,,,,,,
,,,,,,
,,,,,,
,,,,,,
,,,,,,
,,,,,,
,,,,,,
,,,,,,
,,,,,,
,,,,,,
,,,,,,
,,,,,,
,,,,,,
,,,,,,
,,,,,,
,,,,,,
,,,,,,
,,,,,,
,,,,,,
,,,,,,
,,,,,,
,,,,,,
,,,,,,
,,,,,,
,,,,,,
,,,,,,
,,,,,,
,,,,,,
,,,,,,
,,,,,,
,,,,,,
,,,,,,
,,,,,,
,,,,,,
,,,,,,
,,,,,,
,,,,,,
,,,,,,
,,,,,,
,,,,,,
,,,,,,
,,,,,,
,,,,,,
,,,,,,
,,,,,,
,,,,,,
,,,,,,
,,,,,,
,,,,,,
,,,,,,
,,,,,,
,,,,,,
,,,,,,
,,,,,,
,,,,,,
,,,,,,
,,,,,,
,,,,,,
,,,,,,
,,,,,,
,,,,,,
,,,,,,
,,,,,,
,,,,,,
,,,,,,
,,,,,,
,,,,,,
,,,,,,
,,,,,,
,,,,,,
,,,,,,
,,,,,,
,,,,,,
,,,,,,
,,,,,,
,,,,,,
,,,,,,
,,,,,,
,,,,,,
,,,,,,
,,,,,,
,,,,,,
,,,,,,
,,,,,,
,,,,,,
,,,,,,
,,,,,,
,,,,,,
,,,,,,
,,,,,,
,,,,,,
,,,,,,
,,,,,,
,,,,,,
,,,,,,
,,,,,,
,,,,,,
,,,,,,
,,,,,,
,,,,,,
,,,,,,
,,,,,,
,,,,,,
,,,,,,
,,,,,,
,,,,,,
,,,,,,
,,,,,,
,,,,,,
,,,,,,
,,,,,,
,,,,,,
,,,,,,
,,,,,,
,,,,,,
,,,,,,
,,,,,,
,,,,,,
,,,,,,
,,,,,,
,,,,,,
,,,,,,
,,,,,,
,,,,,,
,,,,,,
,,,,,,
,,,,,,
,,,,,,
,,,,,,
,,,,,,
,,,,,,
,,,,,,
,,,,,,
,,,,,,
,,,,,,
,,,,,,
,,,,,,
,,,,,,
,,,,,,
,,,,,,
,,,,,,
,,,,,,
,,,,,,
,,,,,,
,,,,,,
,,,,,,
,,,,,,
,,,,,,
,,,,,,
,,,,,,
,,,,,,
,,,,,,
,,,,,,
,,,,,,
,,,,,,
,,,,,,
,,,,,,
,,,,,,
,,,,,,
,,,,,,
,,,,,,
,,,,,,
,,,,,,
,,,,,,
,,,,,,
,,,,,,
,,,,,,
,,,,,,
,,,,,,
,,,,,,
,,,,,,
,,,,,,
,,,,,,
,,,,,,
,,,,,,
,,,,,,
,,,,,,
,,,,,,
,,,,,,
,,,,,,
,,,,,,
,,,,,,
,,,,,,
,,,,,,
,,,,,,
,,,,,,
,,,,,,
,,,,,,
,,,,,,
,,,,,,
,,,,,,
,,,,,,
,,,,,,
,,,,,,
,,,,,,
,,,,,,
,,,,,,
,,,,,,
,,,,,,
,,,,,,
,,,,,,
,,,,,,
,,,,,,
,,,,,,
,,,,,,
,,,,,,
,,,,,,
,,,,,,
,,,,,,
,,,,,,
,,,,,,
,,,,,,
,,,,,,
,,,,,,
,,,,,,
,,,,,,
,,,,,,
,,,,,,
,,,,,,
,,,,,,
,,,,,,
,,,,,,
,,,,,,
,,,,,,
,,,,,,
,,,,,,
,,,,,,
,,,,,,
,,,,,,
,,,,,,
,,,,,,
,,,,,,
,,,,,,
,,,,,,
,,,,,,
,,,,,,
,,,,,,
,,,,,,
,,,,,,
,,,,,,
,,,,,,
,,,,,,
,,,,,,
,,,,,,
,,,,,,
,,,,,,
,,,,,,
,,,,,,
,,,,,,
,,,,,,
,,,,,,
,,,,,,
,,,,,,
,,,,,,
,,,,,,
,,,,,,
,,,,,,
,,,,,,
,,,,,,
,,,,,,
,,,,,,
,,,,,,
,,,,,,
,,,,,,
,,,,,,
,,,,,,
,,,,,,
,,,,,,
,,,,,,
,,,,,,
,,,,,,
,,,,,,
,,,,,,
,,,,,,
,,,,,,
,,,,,,
,,,,,,
,,,,,,
,,,,,,
,,,,,,
,,,,,,
,,,,,,
,,,,,,
,,,,,,
,,,,,,
,,,,,,
,,,,,,
,,,,,,
,,,,,,
,,,,,,
,,,,,,
,,,,,,
,,,,,,
,,,,,,
,,,,,,
,,,,,,
,,,,,,
,,,,,,
,,,,,,
,,,,,,
,,,,,,
,,,,,,
,,,,,,
,,,,,,
,,,,,,
,,,,,,
,,,,,,
,,,,,,
,,,,,,
,,,,,,
,,,,,,
,,,,,,
,,,,,,
,,,,,,
,,,,,,
,,,,,,
,,,,,,
,,,,,,
,,,,,,
,,,,,,
,,,,,,
,,,,,,
,,,,,,
,,,,,,
,,,,,,
,,,,,,
,,,,,,
,,,,,,
,,,,,,
,,,,,,
,,,,,,
,,,,,,
,,,,,,
,,,,,,
,,,,,,
,,,,,,
,,,,,,
,,,,,,
,,,,,,
,,,,,,
,,,,,,
,,,,,,
,,,,,,
,,,,,,
,,,,,,
,,,,,,
,,,,,,
,,,,,,
,,,,,,
,,,,,,
,,,,,,
,,,,,,
,,,,,,
,,,,,,
,,,,,,
,,,,,,
,,,,,,
,,,,,,
,,,,,,
,,,,,,
,,,,,,
,,,,,,
,,,,,,
,,,,,,
,,,,,,
,,,,,,
,,,,,,
,,,,,,
,,,,,,
,,,,,,
,,,,,,
,,,,,,
,,,,,,
,,,,,,
,,,,,,
,,,,,,
,,,,,,
,,,,,,
,,,,,,
,,,,,,
,,,,,,
,,,,,,
,,,,,,
,,,,,,
,,,,,,
,,,,,,
,,,,,,
,,,,,,
,,,,,,
,,,,,,
,,,,,,
,,,,,,
,,,,,,
,,,,,,
,,,,,,
,,,,,,
,,,,,,
,,,,,,
,,,,,,
,,,,,,
,,,,,,
,,,,,,
,,,,,,
,,,,,,
,,,,,,
,,,,,,
,,,,,,
,,,,,,
,,,,,,
,,,,,,
,,,,,,
,,,,,,
,,,,,,
,,,,,,
,,,,,,
,,,,,,
,,,,,,
,,,,,,
,,,,,,
,,,,,,
,,,,,,
,,,,,,
,,,,,,
,,,,,,
,,,,,,
,,,,,,
,,,,,,
,,,,,,
,,,,,,
,,,,,,
,,,,,,
,,,,,,
,,,,,,
,,,,,,
,,,,,,
,,,,,,
,,,,,,
,,,,,,
,,,,,,
,,,,,,
,,,,,,
,,,,,,
,,,,,,
,,,,,,
,,,,,,
,,,,,,
,,,,,,
,,,,,,
,,,,,,
,,,,,,
,,,,,,
,,,,,,
,,,,,,
,,,,,,
,,,,,,
,,,,,,
,,,,,,
,,,,,,
,,,,,,
,,,,,,
,,,,,,
,,,,,,
,,,,,,
,,,,,,
,,,,,,
,,,,,,
,,,,,,
,,,,,,
,,,,,,
,,,,,,
,,,,,,
,,,,,,
,,,,,,
,,,,,,
,,,,,,
,,,,,,
,,,,,,
,,,,,,
,,,,,,
,,,,,,
,,,,,,
,,,,,,
,,,,,,
,,,,,,
,,,,,,
,,,,,,
,,,,,,
,,,,,,
,,,,,,
,,,,,,
,,,,,,
,,,,,,
,,,,,,
,,,,,,
,,,,,,
,,,,,,
,,,,,,
,,,,,,
,,,,,,
,,,,,,
,,,,,,
,,,,,,
,,,,,,
,,,,,,
,,,,,,
,,,,,,
,,,,,,
,,,,,,
,,,,,,
,,,,,,
,,,,,,
,,,,,,
,,,,,,
,,,,,,
,,,,,,
,,,,,,
,,,,,,
,,,,,,
,,,,,,
,,,,,,
,,,,,,
,,,,,,
,,,,,,
,,,,,,
,,,,,,
,,,,,,
,,,,,,
,,,,,,
,,,,,,
,,,,,,
,,,,,,
,,,,,,
,,,,,,
,,,,,,
,,,,,,
,,,,,,
,,,,,,
,,,,,,
,,,,,,
,,,,,,
,,,,,,
,,,,,,
,,,,,,
,,,,,,
,,,,,,
,,,,,,
,,,,,,
,,,,,,
,,,,,,
,,,,,,
,,,,,,
,,,,,,
,,,,,,
,,,,,,
,,,,,,
,,,,,,
,,,,,,
,,,,,,
,,,,,,
,,,,,,
,,,,,,
,,,,,,
,,,,,,
,,,,,,
,,,,,,
,,,,,,
,,,,,,
,,,,,,
,,,,,,
,,,,,,
,,,,,,
,,,,,,
,,,,,,
,,,,,,
,,,,,,
,,,,,,
,,,,,,
,,,,,,
,,,,,,
,,,,,,
,,,,,,
,,,,,,
,,,,,,
,,,,,,
,,,,,,
,,,,,,
,,,,,,
,,,,,,
,,,,,,
,,,,,,
,,,,,,
,,,,,,
,,,,,,
,,,,,,
,,,,,,
,,,,,,
,,,,,,
,,,,,,
,,,,,,
,,,,,,
,,,,,,
,,,,,,
,,,,,,
,,,,,,
,,,,,,
,,,,,,
,,,,,,
,,,,,,
,,,,,,
,,,,,,
,,,,,,
,,,,,,
,,,,,,
,,,,,,
,,,,,,
,,,,,,
,,,,,,
,,,,,,
,,,,,,
,,,,,,
,,,,,,
,,,,,,
,,,,,,
,,,,,,
,,,,,,
,,,,,,
,,,,,,
,,,,,,
,,,,,,
,,,,,,
,,,,,,
,,,,,,
,,,,,,
,,,,,,
,,,,,,
,,,,,,
,,,,,,
,,,,,,
,,,,,,
,,,,,,
,,,,,,
,,,,,,
,,,,,,
,,,,,,
,,,,,,
,,,,,,
,,,,,,
,,,,,,
,,,,,,
,,,,,,
,,,,,,
,,,,,,
,,,,,,
,,,,,,
,,,,,,
,,,,,,
,,,,,,
,,,,,,
,,,,,,
,,,,,,
,,,,,,
,,,,,,
,,,,,,
,,,,,,
,,,,,,
,,,,,,
,,,,,,
,,,,,,
,,,,,,
,,,,,,
,,,,,,
,,,,,,
,,,,,,
,,,,,,
,,,,,,
,,,,,,
,,,,,,
,,,,,,
,,,,,,
,,,,,,
,,,,,,
,,,,,,
,,,,,,
,,,,,,
,,,,,,
,,,,,,
,,,,,,
,,,,,,
,,,,,,
,,,,,,
,,,,,,
,,,,,,
,,,,,,
,,,,,,
,,,,,,
,,,,,,
,,,,,,
,,,,,,
,,,,,,
,,,,,,
,,,,,,
,,,,,,
,,,,,,
,,,,,,
,,,,,,
,,,,,,
,,,,,,
,,,,,,
,,,,,,
,,,,,,
,,,,,,
,,,,,,
,,,,,,
,,,,,,
,,,,,,
,,,,,,
,,,,,,
,,,,,,
,,,,,,
,,,,,,
,,,,,,
,,,,,,
,,,,,,
,,,,,,
,,,,,,
,,,,,,
,,,,,,
,,,,,,
,,,,,,
,,,,,,
,,,,,,
,,,,,,
,,,,,,
,,,,,,
,,,,,,
,,,,,,
,,,,,,
,,,,,,
,,,,,,
,,,,,,
,,,,,,
,,,,,,
,,,,,,
,,,,,,
,,,,,,
,,,,,,
,,,,,,
,,,,,,
,,,,,,
,,,,,,
,,,,,,
,,,,,,
,,,,,,
,,,,,,
,,,,,,
,,,,,,
,,,,,,
,,,,,,
,,,,,,
,,,,,,
,,,,,,
,,,,,,
,,,,,,
,,,,,,
,,,,,,
,,,,,,
,,,,,,
,,,,,,
,,,,,,
,,,,,,
,,,,,,
,,,,,,
,,,,,,
,,,,,,
,,,,,,
,,,,,,
,,,,,,
,,,,,,
,,,,,,
,,,,,,
,,,,,,
,,,,,,
,,,,,,
,,,,,,
,,,,,,
,,,,,,
,,,,,,
,,,,,,
,,,,,,
,,,,,,
,,,,,,
,,,,,,
,,,,,,
,,,,,,
,,,,,,
,,,,,,
,,,,,,
,,,,,,
,,,,,,
,,,,,,
,,,,,,
,,,,,,
,,,,,,
,,,,,,
,,,,,,
,,,,,,
,,,,,,
,,,,,,
,,,,,,
,,,,,,
,,,,,,
,,,,,,
,,,,,,
,,,,,,
,,,,,,
,,,,,,
,,,,,,
,,,,,,
,,,,,,
,,,,,,
,,,,,,
,,,,,,
,,,,,,
,,,,,,
,,,,,,
,,,,,,
,,,,,,
,,,,,,
,,,,,,
,,,,,,
,,,,,,
,,,,,,
,,,,,,
,,,,,,
,,,,,,
,,,,,,
,,,,,,
,,,,,,
,,,,,,
,,,,,,
,,,,,,
,,,,,,
,,,,,,
,,,,,,
,,,,,,
,,,,,,
,,,,,,
,,,,,,
,,,,,,
,,,,,,
,,,,,,
,,,,,,
,,,,,,
,,,,,,
,,,,,,
,,,,,,
,,,,,,
,,,,,,
,,,,,,
,,,,,,
,,,,,,
,,,,,,
,,,,,,
,,,,,,
,,,,,,
,,,,,,
,,,,,,
,,,,,,
,,,,,,
,,,,,,
,,,,,,
,,,,,,
,,,,,,
,,,,,,
,,,,,,
,,,,,,
,,,,,,
,,,,,,
,,,,,,
,,,,,,
,,,,,,
,,,,,,
,,,,,,
,,,,,,
,,,,,,
,,,,,,
,,,,,,
,,,,,,
,,,,,,
,,,,,,
,,,,,,
,,,,,,
,,,,,,
,,,,,,
,,,,,,
,,,,,,
,,,,,,
,,,,,,
,,,,,,
,,,,,,
,,,,,,
,,,,,,
,,,,,,
,,,,,,
,,,,,,
,,,,,,
,,,,,,
,,,,,,
,,,,,,
,,,,,,
,,,,,,
,,,,,,
,,,,,,
,,,,,,
,,,,,,
,,,,,,
,,,,,,
,,,,,,
,,,,,,
,,,,,,
,,,,,,
,,,,,,
,,,,,,
,,,,,,
,,,,,,
,,,,,,
,,,,,,
,,,,,,
,,,,,,
,,,,,,
,,,,,,
,,,,,,
,,,,,,
,,,,,,
,,,,,,
,,,,,,
,,,,,,
,,,,,,
,,,,,,
,,,,,,
,,,,,,
,,,,,,
,,,,,,
,,,,,,
,,,,,,
,,,,,,
,,,,,,
,,,,,,
,,,,,,
,,,,,,
,,,,,,
,,,,,,
,,,,,,
,,,,,,
,,,,,,
,,,,,,
,,,,,,
,,,,,,
,,,,,,
,,,,,,
,,,,,,
,,,,,,
,,,,,,
,,,,,,
,,,,,,
,,,,,,
,,,,,,
,,,,,,
,,,,,,
,,,,,,
,,,,,,
,,,,,,
,,,,,,
,,,,,,
,,,,,,
,,,,,,
,,,,,,
,,,,,,
,,,,,,
,,,,,,
,,,,,,
,,,,,,
,,,,,,
,,,,,,
,,,,,,
,,,,,,
,,,,,,
,,,,,,
,,,,,,
,,,,,,
,,,,,,
,,,,,,
,,,,,,
,,,,,,
,,,,,,
,,,,,,
,,,,,,
,,,,,,
,,,,,,
,,,,,,
,,,,,,
,,,,,,
,,,,,,
,,,,,,
,,,,,,
,,,,,,
,,,,,,
,,,,,,
,,,,,,
,,,,,,
,,,,,,
,,,,,,
,,,,,,
,,,,,,
,,,,,,
,,,,,,
,,,,,,
,,,,,,
,,,,,,
,,,,,,
,,,,,,
,,,,,,
,,,,,,
,,,,,,
,,,,,,
,,,,,,
,,,,,,
,,,,,,
,,,,,,
,,,,,,
,,,,,,
,,,,,,
,,,,,,
,,,,,,
,,,,,,
,,,,,,
,,,,,,
,,,,,,
,,,,,,
,,,,,,
,,,,,,
,,,,,,
,,,,,,
,,,,,,
,,,,,,
,,,,,,
,,,,,,
,,,,,,
,,,,,,
,,,,,,
,,,,,,
,,,,,,
,,,,,,
,,,,,,
,,,,,,
,,,,,,
,,,,,,
,,,,,,
,,,,,,
,,,,,,
,,,,,,
,,,,,,
,,,,,,
,,,,,,
,,,,,,
,,,,,,
,,,,,,
,,,,,,
,,,,,,
,,,,,,
,,,,,,
,,,,,,
,,,,,,
,,,,,,
,,,,,,
,,,,,,
,,,,,,
,,,,,,
,,,,,,
,,,,,,
,,,,,,
,,,,,,
,,,,,,
,,,,,,
,,,,,,
,,,,,,
,,,,,,
,,,,,,
,,,,,,
,,,,,,
,,,,,,
,,,,,,
,,,,,,
,,,,,,
,,,,,,
,,,,,,
,,,,,,
,,,,,,
,,,,,,
,,,,,,
,,,,,,
,,,,,,
,,,,,,
,,,,,,
,,,,,,
,,,,,,
,,,,,,
,,,,,,
,,,,,,
,,,,,,
,,,,,,
,,,,,,
,,,,,,
,,,,,,
,,,,,,
,,,,,,
,,,,,,
,,,,,,
,,,,,,
,,,,,,
,,,,,,
,,,,,,
,,,,,,
,,,,,,
,,,,,,
,,,,,,
,,,,,,
,,,,,,
,,,,,,
,,,,,,
,,,,,,
,,,,,,
,,,,,,
,,,,,,
,,,,,,
,,,,,,
,,,,,,
,,,,,,
,,,,,,
,,,,,,
,,,,,,
,,,,,,
,,,,,,
,,,,,,
,,,,,,
,,,,,,
,,,,,,
,,,,,,
,,,,,,
,,,,,,
,,,,,,
,,,,,,
,,,,,,
,,,,,,
,,,,,,
,,,,,,
,,,,,,
,,,,,,
,,,,,,
,,,,,,
,,,,,,
,,,,,,
,,,,,,
,,,,,,
,,,,,,
,,,,,,
,,,,,,
,,,,,,
,,,,,,
,,,,,,
,,,,,,
,,,,,,
,,,,,,
,,,,,,
,,,,,,
,,,,,,
,,,,,,
,,,,,,
,,,,,,
,,,,,,
,,,,,,
,,,,,,
,,,,,,
,,,,,,
,,,,,,
,,,,,,
,,,,,,
,,,,,,
,,,,,,
,,,,,,
,,,,,,
,,,,,,
,,,,,,
,,,,,,
,,,,,,
,,,,,,
,,,,,,
,,,,,,
,,,,,,
,,,,,,
,,,,,,
,,,,,,
,,,,,,
,,,,,,
,,,,,,
,,,,,,
,,,,,,
,,,,,,
,,,,,,
,,,,,,
,,,,,,
,,,,,,
,,,,,,
,,,,,,
,,,,,,
,,,,,,
,,,,,,
,,,,,,
,,,,,,
,,,,,,
,,,,,,
,,,,,,
,,,,,,
,,,,,,
,,,,,,
,,,,,,
,,,,,,
,,,,,,
,,,,,,
,,,,,,
,,,,,,
,,,,,,
,,,,,,
,,,,,,
,,,,,,
,,,,,,
,,,,,,
,,,,,,
,,,,,,
,,,,,,
,,,,,,
,,,,,,
,,,,,,
,,,,,,
,,,,,,
,,,,,,
,,,,,,
,,,,,,
,,,,,,
,,,,,,
,,,,,,
,,,,,,
,,,,,,
,,,,,,
,,,,,,
,,,,,,
,,,,,,
,,,,,,
,,,,,,
,,,,,,
,,,,,,
,,,,,,
,,,,,,
,,,,,,
,,,,,,
,,,,,,
,,,,,,
,,,,,,
,,,,,,
,,,,,,
,,,,,,
,,,,,,
,,,,,,
,,,,,,
,,,,,,
,,,,,,
,,,,,,
,,,,,,
,,,,,,
,,,,,,
,,,,,,
,,,,,,
,,,,,,
,,,,,,
,,,,,,
,,,,,,
,,,,,,
,,,,,,
,,,,,,
,,,,,,
,,,,,,
,,,,,,
,,,,,,
,,,,,,
,,,,,,
,,,,,,
,,,,,,
,,,,,,
,,,,,,
,,,,,,
,,,,,,
,,,,,,
,,,,,,
,,,,,,
,,,,,,
,,,,,,
,,,,,,
,,,,,,
,,,,,,
,,,,,,
,,,,,,
,,,,,,
,,,,,,
,,,,,,
,,,,,,
,,,,,,
,,,,,,
,,,,,,
,,,,,,
,,,,,,
,,,,,,
,,,,,,
,,,,,,
,,,,,,
,,,,,,
,,,,,,
,,,,,,
,,,,,,
,,,,,,
,,,,,,
,,,,,,
,,,,,,
,,,,,,
,,,,,,
,,,,,,
,,,,,,
,,,,,,
,,,,,,
,,,,,,
,,,,,,
,,,,,,
,,,,,,
,,,,,,
,,,,,,
,,,,,,
,,,,,,
,,,,,,
,,,,,,
,,,,,,
,,,,,,
,,,,,,
,,,,,,
,,,,,,
,,,,,,
,,,,,,
,,,,,,
,,,,,,
,,,,,,
,,,,,,
,,,,,,
,,,,,,
,,,,,,
,,,,,,
,,,,,,
,,,,,,
,,,,,,
,,,,,,
,,,,,,
,,,,,,
,,,,,,
,,,,,,
,,,,,,
,,,,,,
,,,,,,
,,,,,,
,,,,,,
,,,,,,
,,,,,,
,,,,,,
,,,,,,
,,,,,,
,,,,,,
,,,,,,
,,,,,,
,,,,,,
,,,,,,
,,,,,,
,,,,,,
,,,,,,
,,,,,,
,,,,,,
,,,,,,
,,,,,,
,,,,,,
,,,,,,
,,,,,,
,,,,,,
,,,,,,
,,,,,,
,,,,,,
,,,,,,
,,,,,,
,,,,,,
,,,,,,
,,,,,,
,,,,,,
,,,,,,
,,,,,,
,,,,,,
,,,,,,
,,,,,,
,,,,,,
,,,,,,
,,,,,,
,,,,,,
,,,,,,
,,,,,,
,,,,,,
,,,,,,
,,,,,,
,,,,,,
,,,,,,
,,,,,,
,,,,,,
,,,,,,
,,,,,,
,,,,,,
,,,,,,
,,,,,,
,,,,,,
,,,,,,
,,,,,,
,,,,,,
,,,,,,
,,,,,,
,,,,,,
,,,,,,
,,,,,,
,,,,,,
,,,,,,
,,,,,,
,,,,,,
,,,,,,
,,,,,,
,,,,,,
,,,,,,
,,,,,,
,,,,,,
,,,,,,
,,,,,,
,,,,,,
,,,,,,
,,,,,,
,,,,,,
,,,,,,
,,,,,,
,,,,,,
,,,,,,
,,,,,,
,,,,,,
,,,,,,
,,,,,,
,,,,,,
,,,,,,
,,,,,,
,,,,,,
,,,,,,
,,,,,,
,,,,,,
,,,,,,
,,,,,,
,,,,,,
,,,,,,
,,,,,,
,,,,,,
,,,,,,
,,,,,,
,,,,,,
,,,,,,
,,,,,,
,,,,,,
,,,,,,
,,,,,,
,,,,,,
,,,,,,
,,,,,,
,,,,,,
,,,,,,
,,,,,,
,,,,,,
,,,,,,
,,,,,,
,,,,,,
,,,,,,
,,,,,,
,,,,,,
,,,,,,
,,,,,,
,,,,,,
,,,,,,
,,,,,,
,,,,,,
,,,,,,
,,,,,,
,,,,,,
,,,,,,
,,,,,,
,,,,,,
,,,,,,
,,,,,,
,,,,,,
,,,,,,
,,,,,,
,,,,,,
,,,,,,
,,,,,,
,,,,,,
,,,,,,
,,,,,,
,,,,,,
,,,,,,
,,,,,,
,,,,,,
,,,,,,
,,,,,,
,,,,,,
,,,,,,
,,,,,,
,,,,,,
,,,,,,
,,,,,,
,,,,,,
,,,,,,
,,,,,,
,,,,,,
,,,,,,
,,,,,,
,,,,,,
,,,,,,
,,,,,,
,,,,,,
,,,,,,
,,,,,,
,,,,,,
,,,,,,
,,,,,,
,,,,,,
,,,,,,
,,,,,,
,,,,,,
,,,,,,
,,,,,,
,,,,,,
,,,,,,
,,,,,,
,,,,,,
,,,,,,
,,,,,,
,,,,,,
,,,,,,
,,,,,,
,,,,,,
,,,,,,
,,,,,,
,,,,,,
,,,,,,
,,,,,,
,,,,,,
,,,,,,
,,,,,,
,,,,,,
,,,,,,
,,,,,,
,,,,,,
,,,,,,
,,,,,,
,,,,,,
,,,,,,
,,,,,,
,,,,,,
,,,,,,
,,,,,,
,,,,,,
,,,,,,
,,,,,,
,,,,,,
,,,,,,
,,,,,,
,,,,,,
,,,,,,
,,,,,,
,,,,,,
,,,,,,
,,,,,,
,,,,,,
,,,,,,
,,,,,,
,,,,,,
,,,,,,
,,,,,,
,,,,,,
,,,,,,
,,,,,,
,,,,,,
,,,,,,
,,,,,,
,,,,,,
,,,,,,
,,,,,,
,,,,,,
,,,,,,
,,,,,,
,,,,,,
,,,,,,
,,,,,,
,,,,,,
,,,,,,
,,,,,,
,,,,,,
,,,,,,
,,,,,,
,,,,,,
,,,,,,
,,,,,,
,,,,,,
,,,,,,
,,,,,,
,,,,,,
,,,,,,
,,,,,,
,,,,,,
,,,,,,
,,,,,,
,,,,,,
,,,,,,
,,,,,,
,,,,,,
,,,,,,
,,,,,,
,,,,,,
,,,,,,
,,,,,,
,,,,,,
,,,,,,
,,,,,,
,,,,,,
,,,,,,
,,,,,,
,,,,,,
,,,,,,
,,,,,,
,,,,,,
,,,,,,
,,,,,,
,,,,,,
,,,,,,
,,,,,,
,,,,,,
,,,,,,
,,,,,,
,,,,,,
,,,,,,
,,,,,,
,,,,,,
,,,,,,
,,,,,,
,,,,,,
,,,,,,
,,,,,,
,,,,,,
,,,,,,
,,,,,,
,,,,,,
,,,,,,
,,,,,,
,,,,,,
,,,,,,
,,,,,,
,,,,,,
,,,,,,
,,,,,,
,,,,,,
,,,,,,
,,,,,,
,,,,,,
,,,,,,
,,,,,,
,,,,,,
,,,,,,
,,,,,,
,,,,,,
,,,,,,
,,,,,,
,,,,,,
,,,,,,
,,,,,,
,,,,,,
,,,,,,
,,,,,,
,,,,,,
,,,,,,
,,,,,,
,,,,,,
,,,,,,
,,,,,,
,,,,,,
,,,,,,
,,,,,,
,,,,,,
,,,,,,
,,,,,,
,,,,,,
,,,,,,
,,,,,,
,,,,,,
,,,,,,
,,,,,,
,,,,,,
,,,,,,
,,,,,,
,,,,,,
,,,,,,
,,,,,,
,,,,,,
,,,,,,
,,,,,,
,,,,,,
,,,,,,
,,,,,,
,,,,,,
,,,,,,
,,,,,,
,,,,,,
,,,,,,
,,,,,,
,,,,,,
,,,,,,
,,,,,,
,,,,,,
,,,,,,
,,,,,,
,,,,,,
,,,,,,
,,,,,,
,,,,,,
,,,,,,
,,,,,,
,,,,,,
,,,,,,
,,,,,,
,,,,,,
,,,,,,
,,,,,,
,,,,,,
,,,,,,
,,,,,,
,,,,,,
,,,,,,
,,,,,,
,,,,,,
,,,,,,
,,,,,,
,,,,,,
,,,,,,
,,,,,,
,,,,,,
,,,,,,
,,,,,,
,,,,,,
,,,,,,
,,,,,,
,,,,,,
,,,,,,
,,,,,,
,,,,,,
,,,,,,
,,,,,,
,,,,,,
,,,,,,
,,,,,,
,,,,,,
,,,,,,
,,,,,,
,,,,,,
,,,,,,
,,,,,,
,,,,,,
,,,,,,
,,,,,,
,,,,,,
,,,,,,
,,,,,,
,,,,,,
,,,,,,
,,,,,,
,,,,,,
,,,,,,
,,,,,,
,,,,,,
,,,,,,
,,,,,,
,,,,,,
,,,,,,
,,,,,,
,,,,,,
,,,,,,
,,,,,,
,,,,,,
,,,,,,
,,,,,,
,,,,,,
,,,,,,
,,,,,,
,,,,,,
,,,,,,
,,,,,,
,,,,,,
,,,,,,
,,,,,,
,,,,,,
,,,,,,
,,,,,,
,,,,,,
,,,,,,
,,,,,,
,,,,,,
,,,,,,
,,,,,,
,,,,,,
,,,,,,
,,,,,,
,,,,,,
,,,,,,
,,,,,,
,,,,,,
,,,,,,
,,,,,,
,,,,,,
,,,,,,
,,,,,,
,,,,,,
,,,,,,
,,,,,,
,,,,,,
,,,,,,
,,,,,,
,,,,,,
,,,,,,
,,,,,,
,,,,,,
,,,,,,
,,,,,,
,,,,,,
,,,,,,
,,,,,,
,,,,,,
,,,,,,
,,,,,,
,,,,,,
,,,,,,
,,,,,,
,,,,,,
,,,,,,
,,,,,,
,,,,,,
,,,,,,
,,,,,,
,,,,,,
,,,,,,
,,,,,,
,,,,,,
,,,,,,
,,,,,,
,,,,,,
,,,,,,
,,,,,,
,,,,,,
,,,,,,
,,,,,,
,,,,,,
,,,,,,
,,,,,,
,,,,,,
,,,,,,
,,,,,,
,,,,,,
,,,,,,
,,,,,,
,,,,,,
,,,,,,
,,,,,,
,,,,,,
,,,,,,
,,,,,,
,,,,,,
,,,,,,
,,,,,,
,,,,,,
,,,,,,
,,,,,,
,,,,,,
,,,,,,
,,,,,,
,,,,,,
,,,,,,
,,,,,,
,,,,,,
,,,,,,
,,,,,,
,,,,,,
,,,,,,
,,,,,,
,,,,,,
,,,,,,
,,,,,,
,,,,,,
,,,,,,
,,,,,,
,,,,,,
,,,,,,
,,,,,,
,,,,,,
,,,,,,
,,,,,,
,,,,,,
,,,,,,
,,,,,,
,,,,,,
,,,,,,
,,,,,,
,,,,,,
,,,,,,
,,,,,,
,,,,,,
,,,,,,
,,,,,,
,,,,,,
,,,,,,
,,,,,,
,,,,,,
,,,,,,
,,,,,,
,,,,,,
,,,,,,
,,,,,,
,,,,,,
,,,,,,
,,,,,,
,,,,,,
,,,,,,
,,,,,,
,,,,,,
,,,,,,
,,,,,,
,,,,,,
,,,,,,
,,,,,,
,,,,,,
,,,,,,
,,,,,,
,,,,,,
,,,,,,
,,,,,,
,,,,,,
,,,,,,
,,,,,,
,,,,,,
,,,,,,
,,,,,,
,,,,,,
,,,,,,
,,,,,,
,,,,,,
,,,,,,
,,,,,,
,,,,,,
,,,,,,
,,,,,,
,,,,,,
,,,,,,
,,,,,,
,,,,,,
,,,,,,
,,,,,,
,,,,,,
,,,,,,
,,,,,,
,,,,,,
,,,,,,
,,,,,,
,,,,,,
,,,,,,
,,,,,,
,,,,,,
,,,,,,
,,,,,,
,,,,,,
,,,,,,
,,,,,,
,,,,,,
,,,,,,
,,,,,,
,,,,,,
,,,,,,
,,,,,,
,,,,,,
,,,,,,
,,,,,,
,,,,,,
,,,,,,
,,,,,,
,,,,,,
,,,,,,
,,,,,,
,,,,,,
,,,,,,
,,,,,,
,,,,,,
,,,,,,
,,,,,,
,,,,,,
,,,,,,
,,,,,,
,,,,,,
,,,,,,
,,,,,,
,,,,,,
,,,,,,
,,,,,,
,,,,,,
,,,,,,
,,,,,,
,,,,,,
,,,,,,
,,,,,,
,,,,,,
,,,,,,
,,,,,,
,,,,,,
,,,,,,
,,,,,,
,,,,,,
,,,,,,
,,,,,,
,,,,,,
,,,,,,
,,,,,,
,,,,,,
,,,,,,
,,,,,,
,,,,,,
,,,,,,
,,,,,,
,,,,,,
,,,,,,
,,,,,,
,,,,,,
,,,,,,
,,,,,,
,,,,,,
,,,,,,
,,,,,,
,,,,,,
,,,,,,
,,,,,,
,,,,,,
,,,,,,
,,,,,,
,,,,,,
,,,,,,
,,,,,,
,,,,,,
,,,,,,
,,,,,,
,,,,,,
,,,,,,
,,,,,,
,,,,,,
,,,,,,
,,,,,,
,,,,,,
,,,,,,
,,,,,,
,,,,,,
,,,,,,
,,,,,,
,,,,,,
,,,,,,
,,,,,,
,,,,,,
,,,,,,
,,,,,,
,,,,,,
,,,,,,
,,,,,,
,,,,,,
,,,,,,
,,,,,,
,,,,,,
,,,,,,
,,,,,,
,,,,,,
,,,,,,
,,,,,,
,,,,,,
,,,,,,
,,,,,,
,,,,,,
,,,,,,
,,,,,,
,,,,,,
,,,,,,
,,,,,,
,,,,,,
,,,,,,
,,,,,,
,,,,,,
,,,,,,
,,,,,,
,,,,,,
,,,,,,
,,,,,,
,,,,,,
,,,,,,
,,,,,,
,,,,,,
,,,,,,
,,,,,,
,,,,,,
,,,,,,
,,,,,,
,,,,,,
,,,,,,
,,,,,,
,,,,,,
,,,,,,
,,,,,,
,,,,,,
,,,,,,
,,,,,,
,,,,,,
,,,,,,
,,,,,,
,,,,,,
,,,,,,
,,,,,,
,,,,,,
,,,,,,
,,,,,,
,,,,,,
,,,,,,
,,,,,,
,,,,,,
,,,,,,
,,,,,,
,,,,,,
,,,,,,
,,,,,,
,,,,,,
,,,,,,
,,,,,,
,,,,,,
,,,,,,
,,,,,,
,,,,,,
,,,,,,
,,,,,,
,,,,,,
,,,,,,
,,,,,,
,,,,,,
,,,,,,
,,,,,,
,,,,,,
,,,,,,
,,,,,,
,,,,,,
,,,,,,
,,,,,,
,,,,,,
,,,,,,
,,,,,,
,,,,,,
,,,,,,
,,,,,,
,,,,,,
,,,,,,
,,,,,,
,,,,,,
,,,,,,
,,,,,,
,,,,,,
,,,,,,
,,,,,,
,,,,,,
,,,,,,
,,,,,,
,,,,,,
,,,,,,
,,,,,,
,,,,,,
,,,,,,
,,,,,,
,,,,,,
,,,,,,
,,,,,,
,,,,,,
,,,,,,
,,,,,,
,,,,,,
,,,,,,
,,,,,,
,,,,,,
,,,,,,
,,,,,,
,,,,,,
,,,,,,
,,,,,,
,,,,,,
,,,,,,
,,,,,,
,,,,,,
,,,,,,
,,,,,,
,,,,,,
,,,,,,
,,,,,,
,,,,,,
,,,,,,
,,,,,,
,,,,,,
,,,,,,
,,,,,,
,,,,,,
,,,,,,
,,,,,,
,,,,,,
,,,,,,
,,,,,,
,,,,,,
,,,,,,
,,,,,,
,,,,,,
,,,,,,
,,,,,,
,,,,,,
,,,,,,
,,,,,,
,,,,,,
,,,,,,
,,,,,,
,,,,,,
,,,,,,
,,,,,,
,,,,,,
,,,,,,
,,,,,,
,,,,,,
,,,,,,
,,,,,,
,,,,,,
,,,,,,
,,,,,,
,,,,,,
,,,,,,
,,,,,,
,,,,,,
,,,,,,
,,,,,,
,,,,,,
,,,,,,
,,,,,,
,,,,,,
,,,,,,
,,,,,,
,,,,,,
,,,,,,
,,,,,,
,,,,,,
,,,,,,
,,,,,,
,,,,,,
,,,,,,
,,,,,,
,,,,,,
,,,,,,
,,,,,,
,,,,,,
,,,,,,
,,,,,,
,,,,,,
,,,,,,
,,,,,,
,,,,,,
,,,,,,
,,,,,,
,,,,,,
,,,,,,
,,,,,,
,,,,,,
,,,,,,
,,,,,,
,,,,,,
,,,,,,
,,,,,,
,,,,,,
,,,,,,
,,,,,,
,,,,,,
,,,,,,
,,,,,,
,,,,,,
,,,,,,
,,,,,,
,,,,,,
,,,,,,
,,,,,,
,,,,,,
,,,,,,
,,,,,,
,,,,,,
,,,,,,
,,,,,,
,,,,,,
,,,,,,
,,,,,,
,,,,,,
,,,,,,
,,,,,,
,,,,,,
,,,,,,
,,,,,,
,,,,,,
,,,,,,
,,,,,,
,,,,,,
,,,,,,
,,,,,,
,,,,,,
,,,,,,
,,,,,,
,,,,,,
,,,,,,
,,,,,,
,,,,,,
,,,,,,
,,,,,,
,,,,,,
,,,,,,
,,,,,,
,,,,,,
,,,,,,
,,,,,,
,,,,,,
,,,,,,
,,,,,,
,,,,,,
,,,,,,
,,,,,,
,,,,,,
,,,,,,
,,,,,,
,,,,,,
,,,,,,
,,,,,,
,,,,,,
,,,,,,
,,,,,,
,,,,,,
,,,,,,
,,,,,,
,,,,,,
,,,,,,
,,,,,,
,,,,,,
,,,,,,
,,,,,,
,,,,,,
,,,,,,
,,,,,,
,,,,,,
,,,,,,
,,,,,,
,,,,,,
,,,,,,
,,,,,,
,,,,,,
,,,,,,
,,,,,,
,,,,,,
,,,,,,
,,,,,,
,,,,,,
,,,,,,
,,,,,,
,,,,,,
,,,,,,
,,,,,,
,,,,,,
,,,,,,
,,,,,,
,,,,,,
,,,,,,
,,,,,,
,,,,,,
,,,,,,
,,,,,,
,,,,,,
,,,,,,
,,,,,,
,,,,,,
,,,,,,
,,,,,,
,,,,,,
,,,,,,
,,,,,,
,,,,,,
,,,,,,
,,,,,,
,,,,,,
,,,,,,
,,,,,,
,,,,,,
,,,,,,
,,,,,,
,,,,,,
,,,,,,
,,,,,,
,,,,,,
,,,,,,
,,,,,,
,,,,,,
,,,,,,
,,,,,,
,,,,,,
,,,,,,
,,,,,,
,,,,,,
,,,,,,
,,,,,,
,,,,,,
,,,,,,
,,,,,,
,,,,,,
,,,,,,
,,,,,,
,,,,,,
,,,,,,
,,,,,,
,,,,,,
,,,,,,
,,,,,,
,,,,,,
,,,,,,
,,,,,,
,,,,,,
,,,,,,
,,,,,,
,,,,,,
,,,,,,
,,,,,,
,,,,,,
,,,,,,
,,,,,,
,,,,,,
,,,,,,
,,,,,,
,,,,,,
,,,,,,
,,,,,,
,,,,,,
,,,,,,
,,,,,,
,,,,,,
,,,,,,
,,,,,,
,,,,,,
,,,,,,
,,,,,,
,,,,,,
,,,,,,
,,,,,,
,,,,,,
,,,,,,
,,,,,,
,,,,,,
,,,,,,
,,,,,,
,,,,,,
,,,,,,
,,,,,,
,,,,,,
,,,,,,
,,,,,,
,,,,,,
,,,,,,
,,,,,,
,,,,,,
,,,,,,
,,,,,,
,,,,,,
,,,,,,
,,,,,,
,,,,,,
,,,,,,
,,,,,,
,,,,,,
,,,,,,
,,,,,,
,,,,,,
,,,,,,
,,,,,,
,,,,,,
,,,,,,
,,,,,,
,,,,,,
,,,,,,
,,,,,,
,,,,,,
,,,,,,
,,,,,,
,,,,,,
,,,,,,
,,,,,,
,,,,,,
,,,,,,
,,,,,,
,,,,,,
,,,,,,
,,,,,,
,,,,,,
,,,,,,
,,,,,,
,,,,,,
,,,,,,
,,,,,,
,,,,,,
,,,,,,
,,,,,,
,,,,,,
,,,,,,
,,,,,,
,,,,,,
,,,,,,
,,,,,,
,,,,,,
,,,,,,
,,,,,,
,,,,,,
,,,,,,
,,,,,,
,,,,,,
,,,,,,
,,,,,,
,,,,,,
,,,,,,
,,,,,,
,,,,,,
,,,,,,
,,,,,,
,,,,,,
,,,,,,
,,,,,,
,,,,,,
,,,,,,
,,,,,,
,,,,,,
,,,,,,
,,,,,,
,,,,,,
,,,,,,
,,,,,,
,,,,,,
,,,,,,
,,,,,,
,,,,,,
,,,,,,
,,,,,,
,,,,,,
,,,,,,
,,,,,,
,,,,,,
,,,,,,
,,,,,,
,,,,,,
,,,,,,
,,,,,,
,,,,,,
,,,,,,
,,,,,,
,,,,,,
,,,,,,
,,,,,,
,,,,,,
,,,,,,
,,,,,,
,,,,,,
,,,,,,
,,,,,,
,,,,,,
,,,,,,
,,,,,,
,,,,,,
,,,,,,
,,,,,,
,,,,,,
,,,,,,
,,,,,,
,,,,,,
,,,,,,
,,,,,,
,,,,,,
,,,,,,
,,,,,,
,,,,,,
,,,,,,
,,,,,,
,,,,,,
,,,,,,
,,,,,,
,,,,,,
,,,,,,
,,,,,,
,,,,,,
,,,,,,
,,,,,,
,,,,,,
,,,,,,
,,,,,,
,,,,,,
,,,,,,
,,,,,,
,,,,,,
,,,,,,
,,,,,,
,,,,,,
,,,,,,
,,,,,,
,,,,,,
,,,,,,
,,,,,,
,,,,,,
,,,,,,
,,,,,,
,,,,,,
,,,,,,
,,,,,,
,,,,,,
,,,,,,
,,,,,,
,,,,,,
,,,,,,
,,,,,,
,,,,,,
,,,,,,
,,,,,,
,,,,,,
,,,,,,
,,,,,,
,,,,,,
,,,,,,
,,,,,,
,,,,,,
,,,,,,
,,,,,,
,,,,,,
,,,,,,
,,,,,,
,,,,,,
,,,,,,
,,,,,,
,,,,,,
,,,,,,
,,,,,,
,,,,,,
,,,,,,
,,,,,,
,,,,,,
,,,,,,
,,,,,,
,,,,,,
,,,,,,
,,,,,,
,,,,,,
,,,,,,
,,,,,,
